IGD,GD,HV,experiment
0.012901467059396866,0.00581359369027894,0.7804909600000111,/mnt/scratch/users/gnvf500/CPHSTaskPlanning/output/agricultural/agricultural|NONE|0|-|-|-|-|-|FRONT|50|1000|NSGAII/results/AGRICULTURAL_NSGAII_190625_16524618328285738802882169_1_Front
0.008121323533888787,0.0036644072127885834,0.7805117300000112,/mnt/scratch/users/gnvf500/CPHSTaskPlanning/output/agricultural/agricultural|NONE|0|-|-|-|-|-|FRONT|50|1000|NSGAII/results/AGRICULTURAL_NSGAII_190625_165253586433930204446376_2_Front
0.006139502636235927,0.001616655254048968,0.7811986500000111,/mnt/scratch/users/gnvf500/CPHSTaskPlanning/output/agricultural/agricultural|NONE|0|-|-|-|-|-|FRONT|50|1000|NSGAII/results/AGRICULTURAL_NSGAII_190625_16525918146373857758509834_3_Front
0.006139502636235927,0.002424982881073452,0.7811986500000111,/mnt/scratch/users/gnvf500/CPHSTaskPlanning/output/agricultural/agricultural|NONE|0|-|-|-|-|-|FRONT|50|1000|NSGAII/results/AGRICULTURAL_NSGAII_190625_16530512339115198204428792_4_Front
0.006139502636235927,0.0026160326128188745,0.7811986500000111,/mnt/scratch/users/gnvf500/CPHSTaskPlanning/output/agricultural/agricultural|NONE|0|-|-|-|-|-|FRONT|50|1000|NSGAII/results/AGRICULTURAL_NSGAII_190625_16531210486428510097824094_5_Front
0.005937521399113164,0.0006166522520839022,0.7812181600000111,/mnt/scratch/users/gnvf500/CPHSTaskPlanning/output/agricultural/agricultural|NONE|0|-|-|-|-|-|FRONT|50|1000|NSGAII/results/AGRICULTURAL_NSGAII_190625_1653165118616102597832085_6_Front
0.005937521399113164,0.0006229768074041583,0.7812181900000111,/mnt/scratch/users/gnvf500/CPHSTaskPlanning/output/agricultural/agricultural|NONE|0|-|-|-|-|-|FRONT|50|1000|NSGAII/results/AGRICULTURAL_NSGAII_190625_16532112214548025454743011_7_Front
0.005937521399113164,0.0006293013627244143,0.7812181900000111,/mnt/scratch/users/gnvf500/CPHSTaskPlanning/output/agricultural/agricultural|NONE|0|-|-|-|-|-|FRONT|50|1000|NSGAII/results/AGRICULTURAL_NSGAII_190625_16532612475334867206696244_8_Front
0.005918432454335076,0.0012333045041678045,0.7812182300000111,/mnt/scratch/users/gnvf500/CPHSTaskPlanning/output/agricultural/agricultural|NONE|0|-|-|-|-|-|FRONT|50|1000|NSGAII/results/AGRICULTURAL_NSGAII_190625_16533012930899366135625460_9_Front
0.005918432454335076,0.0012333045041678045,0.7812182300000111,/mnt/scratch/users/gnvf500/CPHSTaskPlanning/output/agricultural/agricultural|NONE|0|-|-|-|-|-|FRONT|50|1000|NSGAII/results/AGRICULTURAL_NSGAII_190625_1653359539533572886824478_10_Front
0.005918432454335076,0.0018499567562517067,0.7812182300000111,/mnt/scratch/users/gnvf500/CPHSTaskPlanning/output/agricultural/agricultural|NONE|0|-|-|-|-|-|FRONT|50|1000|NSGAII/results/AGRICULTURAL_NSGAII_190625_1653395886634712962396327_11_Front
0.005918432454335076,0.002466609008335609,0.7812182300000111,/mnt/scratch/users/gnvf500/CPHSTaskPlanning/output/agricultural/agricultural|NONE|0|-|-|-|-|-|FRONT|50|1000|NSGAII/results/AGRICULTURAL_NSGAII_190625_16534414726901426848652192_12_Front
0.0058136113036132975,0.0037138451168573583,0.7825696500000011,/mnt/scratch/users/gnvf500/CPHSTaskPlanning/output/agricultural/agricultural|NONE|0|-|-|-|-|-|FRONT|50|1000|NSGAII/results/AGRICULTURAL_NSGAII_190625_1653489722007945116239973_13_Front
0.005808308860358536,0.004325453423449945,0.7825735300000011,/mnt/scratch/users/gnvf500/CPHSTaskPlanning/output/agricultural/agricultural|NONE|0|-|-|-|-|-|FRONT|50|1000|NSGAII/results/AGRICULTURAL_NSGAII_190625_16535115374693974700479976_14_Front
0.00012084745778368809,0.0,0.8559440800000084,/mnt/scratch/users/gnvf500/CPHSTaskPlanning/output/agricultural/agricultural|NONE|0|-|-|-|-|-|FRONT|50|1000|NSGAII/results/AGRICULTURAL_NSGAII_190625_16535413922443840764248248_15_Front
9.367510305601348e-05,0.0,0.8565232900000003,/mnt/scratch/users/gnvf500/CPHSTaskPlanning/output/agricultural/agricultural|NONE|0|-|-|-|-|-|FRONT|50|1000|NSGAII/results/AGRICULTURAL_NSGAII_190625_1653578352076915890704989_16_Front
9.367510305601348e-05,0.0,0.8565232900000003,/mnt/scratch/users/gnvf500/CPHSTaskPlanning/output/agricultural/agricultural|NONE|0|-|-|-|-|-|FRONT|50|1000|NSGAII/results/AGRICULTURAL_NSGAII_190625_1654012002673033000051674_17_Front
9.367510305601348e-05,0.0,0.8565232900000003,/mnt/scratch/users/gnvf500/CPHSTaskPlanning/output/agricultural/agricultural|NONE|0|-|-|-|-|-|FRONT|50|1000|NSGAII/results/AGRICULTURAL_NSGAII_190625_1654056434254580505160857_18_Front
7.226541618203048e-05,0.0,0.8565261700000001,/mnt/scratch/users/gnvf500/CPHSTaskPlanning/output/agricultural/agricultural|NONE|0|-|-|-|-|-|FRONT|50|1000|NSGAII/results/AGRICULTURAL_NSGAII_190625_1654087434101127269666457_19_Front
7.226541618203048e-05,0.0,0.8565261700000001,/mnt/scratch/users/gnvf500/CPHSTaskPlanning/output/agricultural/agricultural|NONE|0|-|-|-|-|-|FRONT|50|1000|NSGAII/results/AGRICULTURAL_NSGAII_190625_16541211199036451662085722_20_Front
0.00016358828220173092,0.002718687918831555,0.8565111900000001,/mnt/scratch/users/gnvf500/CPHSTaskPlanning/output/agricultural/agricultural|Random|25|-|-|-|-|-|FRONT|50|1000|NSGAII/results/AGRICULTURAL_NSGAII_190625_1654281181799452637208381_1_Front
0.00016358828220173092,0.0013593439594157776,0.8565111900000001,/mnt/scratch/users/gnvf500/CPHSTaskPlanning/output/agricultural/agricultural|Random|25|-|-|-|-|-|FRONT|50|1000|NSGAII/results/AGRICULTURAL_NSGAII_190625_1654323819063892892109880_2_Front
0.00016358828220173092,0.0013593439594157776,0.8565111900000001,/mnt/scratch/users/gnvf500/CPHSTaskPlanning/output/agricultural/agricultural|Random|25|-|-|-|-|-|FRONT|50|1000|NSGAII/results/AGRICULTURAL_NSGAII_190625_1654373631354157911754473_3_Front
0.00016358828220173092,0.002718687918831555,0.8565111900000001,/mnt/scratch/users/gnvf500/CPHSTaskPlanning/output/agricultural/agricultural|Random|25|-|-|-|-|-|FRONT|50|1000|NSGAII/results/AGRICULTURAL_NSGAII_190625_1654413100586119825014816_4_Front
0.00012397648940274785,0.004078031878247333,0.8565182400000001,/mnt/scratch/users/gnvf500/CPHSTaskPlanning/output/agricultural/agricultural|Random|25|-|-|-|-|-|FRONT|50|1000|NSGAII/results/AGRICULTURAL_NSGAII_190625_16544518170984256900929070_5_Front
7.756785943679045e-05,0.0,0.8565252200000002,/mnt/scratch/users/gnvf500/CPHSTaskPlanning/output/agricultural/agricultural|Random|25|-|-|-|-|-|FRONT|50|1000|NSGAII/results/AGRICULTURAL_NSGAII_190625_16544814520951389424163994_6_Front
7.756785943679045e-05,0.0,0.8565252200000002,/mnt/scratch/users/gnvf500/CPHSTaskPlanning/output/agricultural/agricultural|Random|25|-|-|-|-|-|FRONT|50|1000|NSGAII/results/AGRICULTURAL_NSGAII_190625_16545112663734713768180192_7_Front
7.756785943679045e-05,0.0,0.8565252200000002,/mnt/scratch/users/gnvf500/CPHSTaskPlanning/output/agricultural/agricultural|Random|25|-|-|-|-|-|FRONT|50|1000|NSGAII/results/AGRICULTURAL_NSGAII_190625_16545412588275936800090683_8_Front
7.756785943679045e-05,0.0,0.8565252200000002,/mnt/scratch/users/gnvf500/CPHSTaskPlanning/output/agricultural/agricultural|Random|25|-|-|-|-|-|FRONT|50|1000|NSGAII/results/AGRICULTURAL_NSGAII_190625_1654575849669803403204367_9_Front
7.756785943679045e-05,0.0,0.8565252200000002,/mnt/scratch/users/gnvf500/CPHSTaskPlanning/output/agricultural/agricultural|Random|25|-|-|-|-|-|FRONT|50|1000|NSGAII/results/AGRICULTURAL_NSGAII_190625_16550018240238731379910718_10_Front
7.756785943679045e-05,0.0,0.8565252200000002,/mnt/scratch/users/gnvf500/CPHSTaskPlanning/output/agricultural/agricultural|Random|25|-|-|-|-|-|FRONT|50|1000|NSGAII/results/AGRICULTURAL_NSGAII_190625_165504609140495551276259_11_Front
7.756785943679045e-05,0.0,0.8565252200000002,/mnt/scratch/users/gnvf500/CPHSTaskPlanning/output/agricultural/agricultural|Random|25|-|-|-|-|-|FRONT|50|1000|NSGAII/results/AGRICULTURAL_NSGAII_190625_1655078660583836507305388_12_Front
7.756785943679045e-05,0.0,0.8565252200000002,/mnt/scratch/users/gnvf500/CPHSTaskPlanning/output/agricultural/agricultural|Random|25|-|-|-|-|-|FRONT|50|1000|NSGAII/results/AGRICULTURAL_NSGAII_190625_16551017619681668159135253_13_Front
7.756785943679045e-05,0.0,0.8565252200000002,/mnt/scratch/users/gnvf500/CPHSTaskPlanning/output/agricultural/agricultural|Random|25|-|-|-|-|-|FRONT|50|1000|NSGAII/results/AGRICULTURAL_NSGAII_190625_16551416434897172381392305_14_Front
7.756785943679045e-05,0.0,0.8565252200000002,/mnt/scratch/users/gnvf500/CPHSTaskPlanning/output/agricultural/agricultural|Random|25|-|-|-|-|-|FRONT|50|1000|NSGAII/results/AGRICULTURAL_NSGAII_190625_1655186587713626930126057_15_Front
7.756785943679045e-05,0.0,0.8565252200000002,/mnt/scratch/users/gnvf500/CPHSTaskPlanning/output/agricultural/agricultural|Random|25|-|-|-|-|-|FRONT|50|1000|NSGAII/results/AGRICULTURAL_NSGAII_190625_16552113938012796485355323_16_Front
7.756785943679045e-05,0.0,0.8565252200000002,/mnt/scratch/users/gnvf500/CPHSTaskPlanning/output/agricultural/agricultural|Random|25|-|-|-|-|-|FRONT|50|1000|NSGAII/results/AGRICULTURAL_NSGAII_190625_1655259934206521264045705_17_Front
7.756785943679045e-05,0.0,0.8565252200000002,/mnt/scratch/users/gnvf500/CPHSTaskPlanning/output/agricultural/agricultural|Random|25|-|-|-|-|-|FRONT|50|1000|NSGAII/results/AGRICULTURAL_NSGAII_190625_16552917357462025196464073_18_Front
7.756785943679045e-05,0.0,0.8565252200000002,/mnt/scratch/users/gnvf500/CPHSTaskPlanning/output/agricultural/agricultural|Random|25|-|-|-|-|-|FRONT|50|1000|NSGAII/results/AGRICULTURAL_NSGAII_190625_16553413998389554200119199_19_Front
7.756785943679045e-05,0.0,0.8565252200000002,/mnt/scratch/users/gnvf500/CPHSTaskPlanning/output/agricultural/agricultural|Random|25|-|-|-|-|-|FRONT|50|1000|NSGAII/results/AGRICULTURAL_NSGAII_190625_16553810299733222842839116_20_Front
7.756785943679045e-05,0.0,0.8565252200000002,/mnt/scratch/users/gnvf500/CPHSTaskPlanning/output/agricultural/agricultural|Random|50|-|-|-|-|-|FRONT|50|1000|NSGAII/results/AGRICULTURAL_NSGAII_190625_1655529824607149085758201_1_Front
7.756785943679045e-05,0.0,0.8565252200000002,/mnt/scratch/users/gnvf500/CPHSTaskPlanning/output/agricultural/agricultural|Random|50|-|-|-|-|-|FRONT|50|1000|NSGAII/results/AGRICULTURAL_NSGAII_190625_16555612247899916974360962_2_Front
7.756785943679045e-05,0.0,0.8565252200000002,/mnt/scratch/users/gnvf500/CPHSTaskPlanning/output/agricultural/agricultural|Random|50|-|-|-|-|-|FRONT|50|1000|NSGAII/results/AGRICULTURAL_NSGAII_190625_16560013419872657951578305_3_Front
7.756785943679045e-05,0.0,0.8565252200000002,/mnt/scratch/users/gnvf500/CPHSTaskPlanning/output/agricultural/agricultural|Random|50|-|-|-|-|-|FRONT|50|1000|NSGAII/results/AGRICULTURAL_NSGAII_190625_1656049672758857498381288_4_Front
7.756785943679045e-05,0.0,0.8565252200000002,/mnt/scratch/users/gnvf500/CPHSTaskPlanning/output/agricultural/agricultural|Random|50|-|-|-|-|-|FRONT|50|1000|NSGAII/results/AGRICULTURAL_NSGAII_190625_16560810146769413030314200_5_Front
7.756785943679045e-05,0.0,0.8565252200000002,/mnt/scratch/users/gnvf500/CPHSTaskPlanning/output/agricultural/agricultural|Random|50|-|-|-|-|-|FRONT|50|1000|NSGAII/results/AGRICULTURAL_NSGAII_190625_16561218308417345919199130_6_Front
7.756785943679045e-05,0.0,0.8565252200000002,/mnt/scratch/users/gnvf500/CPHSTaskPlanning/output/agricultural/agricultural|Random|50|-|-|-|-|-|FRONT|50|1000|NSGAII/results/AGRICULTURAL_NSGAII_190625_1656157509529579984016423_7_Front
7.756785943679045e-05,0.0,0.8565252200000002,/mnt/scratch/users/gnvf500/CPHSTaskPlanning/output/agricultural/agricultural|Random|50|-|-|-|-|-|FRONT|50|1000|NSGAII/results/AGRICULTURAL_NSGAII_190625_16561816135539331368088835_8_Front
7.756785943679045e-05,0.0,0.8565252200000002,/mnt/scratch/users/gnvf500/CPHSTaskPlanning/output/agricultural/agricultural|Random|50|-|-|-|-|-|FRONT|50|1000|NSGAII/results/AGRICULTURAL_NSGAII_190625_1656218620053414767823609_9_Front
7.756785943679045e-05,0.0,0.8565252200000002,/mnt/scratch/users/gnvf500/CPHSTaskPlanning/output/agricultural/agricultural|Random|50|-|-|-|-|-|FRONT|50|1000|NSGAII/results/AGRICULTURAL_NSGAII_190625_16562414233536903227908730_10_Front
7.756785943679045e-05,0.0,0.8565252200000002,/mnt/scratch/users/gnvf500/CPHSTaskPlanning/output/agricultural/agricultural|Random|50|-|-|-|-|-|FRONT|50|1000|NSGAII/results/AGRICULTURAL_NSGAII_190625_16562816211445322709018091_11_Front
7.756785943679045e-05,0.0,0.8565252200000002,/mnt/scratch/users/gnvf500/CPHSTaskPlanning/output/agricultural/agricultural|Random|50|-|-|-|-|-|FRONT|50|1000|NSGAII/results/AGRICULTURAL_NSGAII_190625_16563112787369641215668344_12_Front
7.756785943679045e-05,0.0,0.8565252200000002,/mnt/scratch/users/gnvf500/CPHSTaskPlanning/output/agricultural/agricultural|Random|50|-|-|-|-|-|FRONT|50|1000|NSGAII/results/AGRICULTURAL_NSGAII_190625_1656345099993424572586906_13_Front
7.756785943679045e-05,0.0,0.8565252200000002,/mnt/scratch/users/gnvf500/CPHSTaskPlanning/output/agricultural/agricultural|Random|50|-|-|-|-|-|FRONT|50|1000|NSGAII/results/AGRICULTURAL_NSGAII_190625_16563715072183827722406498_14_Front
7.756785943679045e-05,0.0,0.8565252200000002,/mnt/scratch/users/gnvf500/CPHSTaskPlanning/output/agricultural/agricultural|Random|50|-|-|-|-|-|FRONT|50|1000|NSGAII/results/AGRICULTURAL_NSGAII_190625_1656415989423425533922495_15_Front
7.756785943679045e-05,0.0,0.8565252200000002,/mnt/scratch/users/gnvf500/CPHSTaskPlanning/output/agricultural/agricultural|Random|50|-|-|-|-|-|FRONT|50|1000|NSGAII/results/AGRICULTURAL_NSGAII_190625_1656446379431905075328895_16_Front
7.756785943679045e-05,0.0,0.8565252200000002,/mnt/scratch/users/gnvf500/CPHSTaskPlanning/output/agricultural/agricultural|Random|50|-|-|-|-|-|FRONT|50|1000|NSGAII/results/AGRICULTURAL_NSGAII_190625_16564712722477953319550659_17_Front
7.756785943679045e-05,0.0,0.8565252200000002,/mnt/scratch/users/gnvf500/CPHSTaskPlanning/output/agricultural/agricultural|Random|50|-|-|-|-|-|FRONT|50|1000|NSGAII/results/AGRICULTURAL_NSGAII_190625_1656514128073460558869202_18_Front
7.756785943679045e-05,0.0,0.8565252200000002,/mnt/scratch/users/gnvf500/CPHSTaskPlanning/output/agricultural/agricultural|Random|50|-|-|-|-|-|FRONT|50|1000|NSGAII/results/AGRICULTURAL_NSGAII_190625_16565517501468180189497021_19_Front
7.756785943679045e-05,0.0,0.8565252200000002,/mnt/scratch/users/gnvf500/CPHSTaskPlanning/output/agricultural/agricultural|Random|50|-|-|-|-|-|FRONT|50|1000|NSGAII/results/AGRICULTURAL_NSGAII_190625_1656586956497505426175333_20_Front
7.226541618203048e-05,0.0,0.8565261700000001,/mnt/scratch/users/gnvf500/CPHSTaskPlanning/output/agricultural/agricultural|Random|75|-|-|-|-|-|FRONT|50|1000|NSGAII/results/AGRICULTURAL_NSGAII_190625_165710335597092946236841_1_Front
7.226541618203048e-05,0.0,0.8565261700000001,/mnt/scratch/users/gnvf500/CPHSTaskPlanning/output/agricultural/agricultural|Random|75|-|-|-|-|-|FRONT|50|1000|NSGAII/results/AGRICULTURAL_NSGAII_190625_16571416475883702860903181_2_Front
7.226541618203048e-05,0.0,0.8565261700000001,/mnt/scratch/users/gnvf500/CPHSTaskPlanning/output/agricultural/agricultural|Random|75|-|-|-|-|-|FRONT|50|1000|NSGAII/results/AGRICULTURAL_NSGAII_190625_16571712788259636116293732_3_Front
7.226541618203048e-05,0.0,0.8565261700000001,/mnt/scratch/users/gnvf500/CPHSTaskPlanning/output/agricultural/agricultural|Random|75|-|-|-|-|-|FRONT|50|1000|NSGAII/results/AGRICULTURAL_NSGAII_190625_16572113657021071215637988_4_Front
6.899410710034023e-05,0.0,0.8567192300000065,/mnt/scratch/users/gnvf500/CPHSTaskPlanning/output/agricultural/agricultural|Random|75|-|-|-|-|-|FRONT|50|1000|NSGAII/results/AGRICULTURAL_NSGAII_190625_16572511722917324866338611_5_Front
6.575971472682673e-05,0.0,0.8567201800000065,/mnt/scratch/users/gnvf500/CPHSTaskPlanning/output/agricultural/agricultural|Random|75|-|-|-|-|-|FRONT|50|1000|NSGAII/results/AGRICULTURAL_NSGAII_190625_1657299437593417010661125_6_Front
6.575971472682673e-05,0.0,0.8567201800000065,/mnt/scratch/users/gnvf500/CPHSTaskPlanning/output/agricultural/agricultural|Random|75|-|-|-|-|-|FRONT|50|1000|NSGAII/results/AGRICULTURAL_NSGAII_190625_16573214118918294200467227_7_Front
6.575971472682673e-05,0.0,0.8567201800000065,/mnt/scratch/users/gnvf500/CPHSTaskPlanning/output/agricultural/agricultural|Random|75|-|-|-|-|-|FRONT|50|1000|NSGAII/results/AGRICULTURAL_NSGAII_190625_16573610424770536196159980_8_Front
6.575971472682673e-05,0.0,0.8567201800000065,/mnt/scratch/users/gnvf500/CPHSTaskPlanning/output/agricultural/agricultural|Random|75|-|-|-|-|-|FRONT|50|1000|NSGAII/results/AGRICULTURAL_NSGAII_190625_1657392798276606236927156_9_Front
6.575971472682673e-05,0.0,0.8567201800000065,/mnt/scratch/users/gnvf500/CPHSTaskPlanning/output/agricultural/agricultural|Random|75|-|-|-|-|-|FRONT|50|1000|NSGAII/results/AGRICULTURAL_NSGAII_190625_16574218439954522442116673_10_Front
3.9795365110924e-05,0.0002786897917039846,0.8761232300000091,/mnt/scratch/users/gnvf500/CPHSTaskPlanning/output/agricultural/agricultural|Random|75|-|-|-|-|-|FRONT|50|1000|NSGAII/results/AGRICULTURAL_NSGAII_190625_1657451328613061195959138_11_Front
3.9795365110924e-05,0.0005573795834079692,0.8761232300000091,/mnt/scratch/users/gnvf500/CPHSTaskPlanning/output/agricultural/agricultural|Random|75|-|-|-|-|-|FRONT|50|1000|NSGAII/results/AGRICULTURAL_NSGAII_190625_16574815750252767816349122_12_Front
3.9795365110924e-05,0.0008360693751119537,0.8761232300000091,/mnt/scratch/users/gnvf500/CPHSTaskPlanning/output/agricultural/agricultural|Random|75|-|-|-|-|-|FRONT|50|1000|NSGAII/results/AGRICULTURAL_NSGAII_190625_16575117022798828912978313_13_Front
3.9795365110924e-05,0.0008360693751119537,0.8761232300000091,/mnt/scratch/users/gnvf500/CPHSTaskPlanning/output/agricultural/agricultural|Random|75|-|-|-|-|-|FRONT|50|1000|NSGAII/results/AGRICULTURAL_NSGAII_190625_1657546766314338010468476_14_Front
3.9795365110924e-05,0.0008360693751119537,0.8761232300000091,/mnt/scratch/users/gnvf500/CPHSTaskPlanning/output/agricultural/agricultural|Random|75|-|-|-|-|-|FRONT|50|1000|NSGAII/results/AGRICULTURAL_NSGAII_190625_16575710346315602866713030_15_Front
3.9795365110924e-05,0.0008360693751119537,0.8761232300000091,/mnt/scratch/users/gnvf500/CPHSTaskPlanning/output/agricultural/agricultural|Random|75|-|-|-|-|-|FRONT|50|1000|NSGAII/results/AGRICULTURAL_NSGAII_190625_16580013638133834645394944_16_Front
3.9795365110924e-05,0.0008360693751119537,0.8761232300000091,/mnt/scratch/users/gnvf500/CPHSTaskPlanning/output/agricultural/agricultural|Random|75|-|-|-|-|-|FRONT|50|1000|NSGAII/results/AGRICULTURAL_NSGAII_190625_16580313657891163880144117_17_Front
3.9795365110924e-05,0.0008360693751119537,0.8761232300000091,/mnt/scratch/users/gnvf500/CPHSTaskPlanning/output/agricultural/agricultural|Random|75|-|-|-|-|-|FRONT|50|1000|NSGAII/results/AGRICULTURAL_NSGAII_190625_1658064971029860981041254_18_Front
3.9795365110924e-05,0.0008360693751119537,0.8761232300000091,/mnt/scratch/users/gnvf500/CPHSTaskPlanning/output/agricultural/agricultural|Random|75|-|-|-|-|-|FRONT|50|1000|NSGAII/results/AGRICULTURAL_NSGAII_190625_1658095818685437930308270_19_Front
3.9795365110924e-05,0.0008360693751119537,0.8761232300000091,/mnt/scratch/users/gnvf500/CPHSTaskPlanning/output/agricultural/agricultural|Random|75|-|-|-|-|-|FRONT|50|1000|NSGAII/results/AGRICULTURAL_NSGAII_190625_16581212032961657891242399_20_Front
7.226541618203048e-05,0.0,0.8565261700000001,/mnt/scratch/users/gnvf500/CPHSTaskPlanning/output/agricultural/agricultural|Random|100|-|-|-|-|-|FRONT|50|1000|NSGAII/results/AGRICULTURAL_NSGAII_190625_16582316551823607200394766_1_Front
7.226541618203048e-05,0.0,0.8565261700000001,/mnt/scratch/users/gnvf500/CPHSTaskPlanning/output/agricultural/agricultural|Random|100|-|-|-|-|-|FRONT|50|1000|NSGAII/results/AGRICULTURAL_NSGAII_190625_16582715293273701876715994_2_Front
7.226541618203048e-05,0.0,0.8565261700000001,/mnt/scratch/users/gnvf500/CPHSTaskPlanning/output/agricultural/agricultural|Random|100|-|-|-|-|-|FRONT|50|1000|NSGAII/results/AGRICULTURAL_NSGAII_190625_16583116051425421628883616_3_Front
6.956028801499581e-05,0.0,0.8565271200000002,/mnt/scratch/users/gnvf500/CPHSTaskPlanning/output/agricultural/agricultural|Random|100|-|-|-|-|-|FRONT|50|1000|NSGAII/results/AGRICULTURAL_NSGAII_190625_16583417977530382104956596_4_Front
6.956028801499581e-05,0.0,0.8565271200000002,/mnt/scratch/users/gnvf500/CPHSTaskPlanning/output/agricultural/agricultural|Random|100|-|-|-|-|-|FRONT|50|1000|NSGAII/results/AGRICULTURAL_NSGAII_190625_1658386637898606222517744_5_Front
6.63258956414823e-05,0.0,0.8565280700000001,/mnt/scratch/users/gnvf500/CPHSTaskPlanning/output/agricultural/agricultural|Random|100|-|-|-|-|-|FRONT|50|1000|NSGAII/results/AGRICULTURAL_NSGAII_190625_1658413277113168200828910_6_Front
6.63258956414823e-05,0.0,0.8565280700000001,/mnt/scratch/users/gnvf500/CPHSTaskPlanning/output/agricultural/agricultural|Random|100|-|-|-|-|-|FRONT|50|1000|NSGAII/results/AGRICULTURAL_NSGAII_190625_1658457020101709582172419_7_Front
6.63258956414823e-05,0.0,0.8565280700000001,/mnt/scratch/users/gnvf500/CPHSTaskPlanning/output/agricultural/agricultural|Random|100|-|-|-|-|-|FRONT|50|1000|NSGAII/results/AGRICULTURAL_NSGAII_190625_1658484579958606089465507_8_Front
6.63258956414823e-05,0.0,0.8565280700000001,/mnt/scratch/users/gnvf500/CPHSTaskPlanning/output/agricultural/agricultural|Random|100|-|-|-|-|-|FRONT|50|1000|NSGAII/results/AGRICULTURAL_NSGAII_190625_16585211599503228046247427_9_Front
6.63258956414823e-05,0.0,0.8565280700000001,/mnt/scratch/users/gnvf500/CPHSTaskPlanning/output/agricultural/agricultural|Random|100|-|-|-|-|-|FRONT|50|1000|NSGAII/results/AGRICULTURAL_NSGAII_190625_16585612919816795603860041_10_Front
6.63258956414823e-05,0.0,0.8565280700000001,/mnt/scratch/users/gnvf500/CPHSTaskPlanning/output/agricultural/agricultural|Random|100|-|-|-|-|-|FRONT|50|1000|NSGAII/results/AGRICULTURAL_NSGAII_190625_16585914817939585961780496_11_Front
6.305458655979207e-05,0.0,0.8567211300000065,/mnt/scratch/users/gnvf500/CPHSTaskPlanning/output/agricultural/agricultural|Random|100|-|-|-|-|-|FRONT|50|1000|NSGAII/results/AGRICULTURAL_NSGAII_190625_16590417609616671370862784_12_Front
6.305458655979207e-05,0.0,0.8567211300000065,/mnt/scratch/users/gnvf500/CPHSTaskPlanning/output/agricultural/agricultural|Random|100|-|-|-|-|-|FRONT|50|1000|NSGAII/results/AGRICULTURAL_NSGAII_190625_1659077130267414214397454_13_Front
6.305458655979207e-05,0.0,0.8567211300000065,/mnt/scratch/users/gnvf500/CPHSTaskPlanning/output/agricultural/agricultural|Random|100|-|-|-|-|-|FRONT|50|1000|NSGAII/results/AGRICULTURAL_NSGAII_190625_1659109477619463770844611_14_Front
6.305458655979207e-05,0.0,0.8567211300000065,/mnt/scratch/users/gnvf500/CPHSTaskPlanning/output/agricultural/agricultural|Random|100|-|-|-|-|-|FRONT|50|1000|NSGAII/results/AGRICULTURAL_NSGAII_190625_1659142564025584369953127_15_Front
6.305458655979207e-05,0.0,0.8567211300000065,/mnt/scratch/users/gnvf500/CPHSTaskPlanning/output/agricultural/agricultural|Random|100|-|-|-|-|-|FRONT|50|1000|NSGAII/results/AGRICULTURAL_NSGAII_190625_1659175534024037567998815_16_Front
6.305458655979207e-05,0.0,0.8567211300000065,/mnt/scratch/users/gnvf500/CPHSTaskPlanning/output/agricultural/agricultural|Random|100|-|-|-|-|-|FRONT|50|1000|NSGAII/results/AGRICULTURAL_NSGAII_190625_1659216869669865054509204_17_Front
6.305458655979207e-05,0.0,0.8567211300000065,/mnt/scratch/users/gnvf500/CPHSTaskPlanning/output/agricultural/agricultural|Random|100|-|-|-|-|-|FRONT|50|1000|NSGAII/results/AGRICULTURAL_NSGAII_190625_16592517793402881724687033_18_Front
6.305458655979207e-05,0.0,0.8567211300000065,/mnt/scratch/users/gnvf500/CPHSTaskPlanning/output/agricultural/agricultural|Random|100|-|-|-|-|-|FRONT|50|1000|NSGAII/results/AGRICULTURAL_NSGAII_190625_16592915132124398546916011_19_Front
6.305458655979207e-05,0.0,0.8567211300000065,/mnt/scratch/users/gnvf500/CPHSTaskPlanning/output/agricultural/agricultural|Random|100|-|-|-|-|-|FRONT|50|1000|NSGAII/results/AGRICULTURAL_NSGAII_190625_16593415204055360500851111_20_Front
0.00011155866096522035,7.856742013313837e-06,0.8565232300000002,/mnt/scratch/users/gnvf500/CPHSTaskPlanning/output/agricultural/agricultural|KMeans|25|1000|Euclidean|-|-|-|FRONT|50|1000|NSGAII/results/AGRICULTURAL_NSGAII_190625_16594712680876831293361606_1_Front
9.367510305601348e-05,0.0,0.8565232900000003,/mnt/scratch/users/gnvf500/CPHSTaskPlanning/output/agricultural/agricultural|KMeans|25|1000|Euclidean|-|-|-|FRONT|50|1000|NSGAII/results/AGRICULTURAL_NSGAII_190625_16595115934674012539128276_2_Front
9.367510305601348e-05,0.0,0.8565232900000003,/mnt/scratch/users/gnvf500/CPHSTaskPlanning/output/agricultural/agricultural|KMeans|25|1000|Euclidean|-|-|-|FRONT|50|1000|NSGAII/results/AGRICULTURAL_NSGAII_190625_16595416758054578323012742_3_Front
7.226541618203048e-05,0.0,0.8565261700000001,/mnt/scratch/users/gnvf500/CPHSTaskPlanning/output/agricultural/agricultural|KMeans|25|1000|Euclidean|-|-|-|FRONT|50|1000|NSGAII/results/AGRICULTURAL_NSGAII_190625_1659585405126131821691108_4_Front
7.226541618203048e-05,0.0,0.8565261700000001,/mnt/scratch/users/gnvf500/CPHSTaskPlanning/output/agricultural/agricultural|KMeans|25|1000|Euclidean|-|-|-|FRONT|50|1000|NSGAII/results/AGRICULTURAL_NSGAII_190625_1700024052743664350437641_5_Front
7.226541618203048e-05,0.0,0.8565261700000001,/mnt/scratch/users/gnvf500/CPHSTaskPlanning/output/agricultural/agricultural|KMeans|25|1000|Euclidean|-|-|-|FRONT|50|1000|NSGAII/results/AGRICULTURAL_NSGAII_190625_170006990859559343484127_6_Front
7.226541618203048e-05,0.0,0.8565261700000001,/mnt/scratch/users/gnvf500/CPHSTaskPlanning/output/agricultural/agricultural|KMeans|25|1000|Euclidean|-|-|-|FRONT|50|1000|NSGAII/results/AGRICULTURAL_NSGAII_190625_1700106057882600686632027_7_Front
7.226541618203048e-05,0.0,0.8565261700000001,/mnt/scratch/users/gnvf500/CPHSTaskPlanning/output/agricultural/agricultural|KMeans|25|1000|Euclidean|-|-|-|FRONT|50|1000|NSGAII/results/AGRICULTURAL_NSGAII_190625_17001412114459725491884600_8_Front
7.226541618203048e-05,0.0,0.8565261700000001,/mnt/scratch/users/gnvf500/CPHSTaskPlanning/output/agricultural/agricultural|KMeans|25|1000|Euclidean|-|-|-|FRONT|50|1000|NSGAII/results/AGRICULTURAL_NSGAII_190625_17001712633975435572858086_9_Front
7.226541618203048e-05,0.0,0.8565261700000001,/mnt/scratch/users/gnvf500/CPHSTaskPlanning/output/agricultural/agricultural|KMeans|25|1000|Euclidean|-|-|-|FRONT|50|1000|NSGAII/results/AGRICULTURAL_NSGAII_190625_17002111151576925061913189_10_Front
7.226541618203048e-05,0.0,0.8565261700000001,/mnt/scratch/users/gnvf500/CPHSTaskPlanning/output/agricultural/agricultural|KMeans|25|1000|Euclidean|-|-|-|FRONT|50|1000|NSGAII/results/AGRICULTURAL_NSGAII_190625_17002517981657229188835967_11_Front
7.226541618203048e-05,0.0,0.8565261700000001,/mnt/scratch/users/gnvf500/CPHSTaskPlanning/output/agricultural/agricultural|KMeans|25|1000|Euclidean|-|-|-|FRONT|50|1000|NSGAII/results/AGRICULTURAL_NSGAII_190625_1700283720877466857139428_12_Front
6.956028801499581e-05,0.0,0.8565271200000002,/mnt/scratch/users/gnvf500/CPHSTaskPlanning/output/agricultural/agricultural|KMeans|25|1000|Euclidean|-|-|-|FRONT|50|1000|NSGAII/results/AGRICULTURAL_NSGAII_190625_17003212390525740836633435_13_Front
6.956028801499581e-05,0.0,0.8565271200000002,/mnt/scratch/users/gnvf500/CPHSTaskPlanning/output/agricultural/agricultural|KMeans|25|1000|Euclidean|-|-|-|FRONT|50|1000|NSGAII/results/AGRICULTURAL_NSGAII_190625_1700359181733100187333600_14_Front
6.956028801499581e-05,0.0,0.8565271200000002,/mnt/scratch/users/gnvf500/CPHSTaskPlanning/output/agricultural/agricultural|KMeans|25|1000|Euclidean|-|-|-|FRONT|50|1000|NSGAII/results/AGRICULTURAL_NSGAII_190625_1700387648334573869329750_15_Front
6.63258956414823e-05,0.0,0.8565280700000001,/mnt/scratch/users/gnvf500/CPHSTaskPlanning/output/agricultural/agricultural|KMeans|25|1000|Euclidean|-|-|-|FRONT|50|1000|NSGAII/results/AGRICULTURAL_NSGAII_190625_17004111858110111841396714_16_Front
6.305458655979207e-05,0.0,0.8567211300000065,/mnt/scratch/users/gnvf500/CPHSTaskPlanning/output/agricultural/agricultural|KMeans|25|1000|Euclidean|-|-|-|FRONT|50|1000|NSGAII/results/AGRICULTURAL_NSGAII_190625_1700457592812630702344536_17_Front
6.305458655979207e-05,0.0,0.8567211300000065,/mnt/scratch/users/gnvf500/CPHSTaskPlanning/output/agricultural/agricultural|KMeans|25|1000|Euclidean|-|-|-|FRONT|50|1000|NSGAII/results/AGRICULTURAL_NSGAII_190625_1700486613517220275831389_18_Front
6.305458655979207e-05,0.0,0.8567211300000065,/mnt/scratch/users/gnvf500/CPHSTaskPlanning/output/agricultural/agricultural|KMeans|25|1000|Euclidean|-|-|-|FRONT|50|1000|NSGAII/results/AGRICULTURAL_NSGAII_190625_1700515512250493385014841_19_Front
6.305458655979207e-05,0.0,0.8567211300000065,/mnt/scratch/users/gnvf500/CPHSTaskPlanning/output/agricultural/agricultural|KMeans|25|1000|Euclidean|-|-|-|FRONT|50|1000|NSGAII/results/AGRICULTURAL_NSGAII_190625_17005515702787580813406886_20_Front
7.226541618203048e-05,0.0,0.8565261700000001,/mnt/scratch/users/gnvf500/CPHSTaskPlanning/output/agricultural/agricultural|KMeans|50|1000|Euclidean|-|-|-|FRONT|50|1000|NSGAII/results/AGRICULTURAL_NSGAII_190625_17011517066149464687272138_1_Front
7.226541618203048e-05,0.0,0.8565261700000001,/mnt/scratch/users/gnvf500/CPHSTaskPlanning/output/agricultural/agricultural|KMeans|50|1000|Euclidean|-|-|-|FRONT|50|1000|NSGAII/results/AGRICULTURAL_NSGAII_190625_17011917766086109031074811_2_Front
7.226541618203048e-05,0.0,0.8565261700000001,/mnt/scratch/users/gnvf500/CPHSTaskPlanning/output/agricultural/agricultural|KMeans|50|1000|Euclidean|-|-|-|FRONT|50|1000|NSGAII/results/AGRICULTURAL_NSGAII_190625_1701234512221775054520328_3_Front
7.226541618203048e-05,0.0,0.8565261700000001,/mnt/scratch/users/gnvf500/CPHSTaskPlanning/output/agricultural/agricultural|KMeans|50|1000|Euclidean|-|-|-|FRONT|50|1000|NSGAII/results/AGRICULTURAL_NSGAII_190625_1701278512509522774469722_4_Front
7.226541618203048e-05,0.0,0.8565261700000001,/mnt/scratch/users/gnvf500/CPHSTaskPlanning/output/agricultural/agricultural|KMeans|50|1000|Euclidean|-|-|-|FRONT|50|1000|NSGAII/results/AGRICULTURAL_NSGAII_190625_17013210827784743418231066_5_Front
7.226541618203048e-05,0.0,0.8565261700000001,/mnt/scratch/users/gnvf500/CPHSTaskPlanning/output/agricultural/agricultural|KMeans|50|1000|Euclidean|-|-|-|FRONT|50|1000|NSGAII/results/AGRICULTURAL_NSGAII_190625_1701358489127219224600334_6_Front
7.226541618203048e-05,0.0,0.8565261700000001,/mnt/scratch/users/gnvf500/CPHSTaskPlanning/output/agricultural/agricultural|KMeans|50|1000|Euclidean|-|-|-|FRONT|50|1000|NSGAII/results/AGRICULTURAL_NSGAII_190625_1701391662119980092034409_7_Front
7.226541618203048e-05,0.0,0.8565261700000001,/mnt/scratch/users/gnvf500/CPHSTaskPlanning/output/agricultural/agricultural|KMeans|50|1000|Euclidean|-|-|-|FRONT|50|1000|NSGAII/results/AGRICULTURAL_NSGAII_190625_1701427303234156548378352_8_Front
7.226541618203048e-05,0.0,0.8565261700000001,/mnt/scratch/users/gnvf500/CPHSTaskPlanning/output/agricultural/agricultural|KMeans|50|1000|Euclidean|-|-|-|FRONT|50|1000|NSGAII/results/AGRICULTURAL_NSGAII_190625_17014613540721542679728215_9_Front
7.226541618203048e-05,0.0,0.8565261700000001,/mnt/scratch/users/gnvf500/CPHSTaskPlanning/output/agricultural/agricultural|KMeans|50|1000|Euclidean|-|-|-|FRONT|50|1000|NSGAII/results/AGRICULTURAL_NSGAII_190625_1701507514978179308447729_10_Front
7.226541618203048e-05,0.0,0.8565261700000001,/mnt/scratch/users/gnvf500/CPHSTaskPlanning/output/agricultural/agricultural|KMeans|50|1000|Euclidean|-|-|-|FRONT|50|1000|NSGAII/results/AGRICULTURAL_NSGAII_190625_1701537638958065441436871_11_Front
4.935609672197395e-05,0.00027297618943781106,0.8755450600000035,/mnt/scratch/users/gnvf500/CPHSTaskPlanning/output/agricultural/agricultural|KMeans|50|1000|Euclidean|-|-|-|FRONT|50|1000|NSGAII/results/AGRICULTURAL_NSGAII_190625_1701562882979877569586709_12_Front
4.6121704348460464e-05,0.00027297618943781106,0.8755460100000035,/mnt/scratch/users/gnvf500/CPHSTaskPlanning/output/agricultural/agricultural|KMeans|50|1000|Euclidean|-|-|-|FRONT|50|1000|NSGAII/results/AGRICULTURAL_NSGAII_190625_17020013249833272237342312_13_Front
4.341657618142579e-05,0.0005459523788756221,0.8755469600000035,/mnt/scratch/users/gnvf500/CPHSTaskPlanning/output/agricultural/agricultural|KMeans|50|1000|Euclidean|-|-|-|FRONT|50|1000|NSGAII/results/AGRICULTURAL_NSGAII_190625_1702032516329472009847385_14_Front
4.341657618142579e-05,0.0005459523788756221,0.8755469600000035,/mnt/scratch/users/gnvf500/CPHSTaskPlanning/output/agricultural/agricultural|KMeans|50|1000|Euclidean|-|-|-|FRONT|50|1000|NSGAII/results/AGRICULTURAL_NSGAII_190625_1702068307160780436135466_15_Front
4.341657618142579e-05,0.0008189285683134331,0.8755469600000035,/mnt/scratch/users/gnvf500/CPHSTaskPlanning/output/agricultural/agricultural|KMeans|50|1000|Euclidean|-|-|-|FRONT|50|1000|NSGAII/results/AGRICULTURAL_NSGAII_190625_1702095295650871779220715_16_Front
4.039780996603929e-05,0.0008189285683134331,0.8755479100000036,/mnt/scratch/users/gnvf500/CPHSTaskPlanning/output/agricultural/agricultural|KMeans|50|1000|Euclidean|-|-|-|FRONT|50|1000|NSGAII/results/AGRICULTURAL_NSGAII_190625_1702125142172032598427517_17_Front
4.039780996603929e-05,0.0008189285683134331,0.8755479100000036,/mnt/scratch/users/gnvf500/CPHSTaskPlanning/output/agricultural/agricultural|KMeans|50|1000|Euclidean|-|-|-|FRONT|50|1000|NSGAII/results/AGRICULTURAL_NSGAII_190625_17021518331415002236851703_18_Front
0.0,0.0,0.9141620200000024,/mnt/scratch/users/gnvf500/CPHSTaskPlanning/output/agricultural/agricultural|KMeans|50|1000|Euclidean|-|-|-|FRONT|50|1000|NSGAII/results/AGRICULTURAL_NSGAII_190625_17021814267727282285707807_19_Front
0.0,0.0,0.9141620200000024,/mnt/scratch/users/gnvf500/CPHSTaskPlanning/output/agricultural/agricultural|KMeans|50|1000|Euclidean|-|-|-|FRONT|50|1000|NSGAII/results/AGRICULTURAL_NSGAII_190625_17022112769618423728861325_20_Front
7.226541618203048e-05,0.0,0.8565261700000001,/mnt/scratch/users/gnvf500/CPHSTaskPlanning/output/agricultural/agricultural|KMeans|75|1000|Euclidean|-|-|-|FRONT|50|1000|NSGAII/results/AGRICULTURAL_NSGAII_190625_1702361206149343426836519_1_Front
7.226541618203048e-05,0.0,0.8565261700000001,/mnt/scratch/users/gnvf500/CPHSTaskPlanning/output/agricultural/agricultural|KMeans|75|1000|Euclidean|-|-|-|FRONT|50|1000|NSGAII/results/AGRICULTURAL_NSGAII_190625_17024214593257432974300837_2_Front
7.226541618203048e-05,0.0,0.8565261700000001,/mnt/scratch/users/gnvf500/CPHSTaskPlanning/output/agricultural/agricultural|KMeans|75|1000|Euclidean|-|-|-|FRONT|50|1000|NSGAII/results/AGRICULTURAL_NSGAII_190625_17024712022935791372402266_3_Front
7.226541618203048e-05,0.0,0.8565261700000001,/mnt/scratch/users/gnvf500/CPHSTaskPlanning/output/agricultural/agricultural|KMeans|75|1000|Euclidean|-|-|-|FRONT|50|1000|NSGAII/results/AGRICULTURAL_NSGAII_190625_17025218131472157961792815_4_Front
7.226541618203048e-05,0.0,0.8565261700000001,/mnt/scratch/users/gnvf500/CPHSTaskPlanning/output/agricultural/agricultural|KMeans|75|1000|Euclidean|-|-|-|FRONT|50|1000|NSGAII/results/AGRICULTURAL_NSGAII_190625_1702568756131059353997049_5_Front
6.903102380851696e-05,0.0,0.8565271200000001,/mnt/scratch/users/gnvf500/CPHSTaskPlanning/output/agricultural/agricultural|KMeans|75|1000|Euclidean|-|-|-|FRONT|50|1000|NSGAII/results/AGRICULTURAL_NSGAII_190625_17025915904451201429163840_6_Front
6.575971472682673e-05,0.0,0.8567201800000065,/mnt/scratch/users/gnvf500/CPHSTaskPlanning/output/agricultural/agricultural|KMeans|75|1000|Euclidean|-|-|-|FRONT|50|1000|NSGAII/results/AGRICULTURAL_NSGAII_190625_1703027406874085089634721_7_Front
6.575971472682673e-05,0.0,0.8567201800000065,/mnt/scratch/users/gnvf500/CPHSTaskPlanning/output/agricultural/agricultural|KMeans|75|1000|Euclidean|-|-|-|FRONT|50|1000|NSGAII/results/AGRICULTURAL_NSGAII_190625_17030613941506079495366761_8_Front
6.575971472682673e-05,0.0,0.8567201800000065,/mnt/scratch/users/gnvf500/CPHSTaskPlanning/output/agricultural/agricultural|KMeans|75|1000|Euclidean|-|-|-|FRONT|50|1000|NSGAII/results/AGRICULTURAL_NSGAII_190625_170310560327953007173975_9_Front
6.575971472682673e-05,0.0,0.8567201800000065,/mnt/scratch/users/gnvf500/CPHSTaskPlanning/output/agricultural/agricultural|KMeans|75|1000|Euclidean|-|-|-|FRONT|50|1000|NSGAII/results/AGRICULTURAL_NSGAII_190625_1703143363892601624678469_10_Front
6.575971472682673e-05,0.0,0.8567201800000065,/mnt/scratch/users/gnvf500/CPHSTaskPlanning/output/agricultural/agricultural|KMeans|75|1000|Euclidean|-|-|-|FRONT|50|1000|NSGAII/results/AGRICULTURAL_NSGAII_190625_17031816352827490351526597_11_Front
6.575971472682673e-05,0.0,0.8567201800000065,/mnt/scratch/users/gnvf500/CPHSTaskPlanning/output/agricultural/agricultural|KMeans|75|1000|Euclidean|-|-|-|FRONT|50|1000|NSGAII/results/AGRICULTURAL_NSGAII_190625_17032113850766756341976959_12_Front
6.305458655979207e-05,0.0,0.8567211300000065,/mnt/scratch/users/gnvf500/CPHSTaskPlanning/output/agricultural/agricultural|KMeans|75|1000|Euclidean|-|-|-|FRONT|50|1000|NSGAII/results/AGRICULTURAL_NSGAII_190625_1703246291386496048690523_13_Front
6.305458655979207e-05,0.0,0.8567211300000065,/mnt/scratch/users/gnvf500/CPHSTaskPlanning/output/agricultural/agricultural|KMeans|75|1000|Euclidean|-|-|-|FRONT|50|1000|NSGAII/results/AGRICULTURAL_NSGAII_190625_17032717842935966036161216_14_Front
6.305458655979207e-05,0.0,0.8567211300000065,/mnt/scratch/users/gnvf500/CPHSTaskPlanning/output/agricultural/agricultural|KMeans|75|1000|Euclidean|-|-|-|FRONT|50|1000|NSGAII/results/AGRICULTURAL_NSGAII_190625_1703303693633809407143763_15_Front
6.305458655979207e-05,0.0,0.8567211300000065,/mnt/scratch/users/gnvf500/CPHSTaskPlanning/output/agricultural/agricultural|KMeans|75|1000|Euclidean|-|-|-|FRONT|50|1000|NSGAII/results/AGRICULTURAL_NSGAII_190625_17033418072432047108612707_16_Front
6.305458655979207e-05,0.0,0.8567211300000065,/mnt/scratch/users/gnvf500/CPHSTaskPlanning/output/agricultural/agricultural|KMeans|75|1000|Euclidean|-|-|-|FRONT|50|1000|NSGAII/results/AGRICULTURAL_NSGAII_190625_17033814661628901985638565_17_Front
6.305458655979207e-05,0.0,0.8567211300000065,/mnt/scratch/users/gnvf500/CPHSTaskPlanning/output/agricultural/agricultural|KMeans|75|1000|Euclidean|-|-|-|FRONT|50|1000|NSGAII/results/AGRICULTURAL_NSGAII_190625_17034112309036522619935538_18_Front
6.305458655979207e-05,0.0,0.8567211300000065,/mnt/scratch/users/gnvf500/CPHSTaskPlanning/output/agricultural/agricultural|KMeans|75|1000|Euclidean|-|-|-|FRONT|50|1000|NSGAII/results/AGRICULTURAL_NSGAII_190625_1703447162297909758584641_19_Front
6.305458655979207e-05,0.0,0.8567211300000065,/mnt/scratch/users/gnvf500/CPHSTaskPlanning/output/agricultural/agricultural|KMeans|75|1000|Euclidean|-|-|-|FRONT|50|1000|NSGAII/results/AGRICULTURAL_NSGAII_190625_17034711208527742928725435_20_Front
7.226541618203048e-05,0.0,0.8565261700000001,/mnt/scratch/users/gnvf500/CPHSTaskPlanning/output/agricultural/agricultural|KMeans|100|1000|Euclidean|-|-|-|FRONT|50|1000|NSGAII/results/AGRICULTURAL_NSGAII_190625_1704015334554985465297910_1_Front
7.226541618203048e-05,0.0,0.8565261700000001,/mnt/scratch/users/gnvf500/CPHSTaskPlanning/output/agricultural/agricultural|KMeans|100|1000|Euclidean|-|-|-|FRONT|50|1000|NSGAII/results/AGRICULTURAL_NSGAII_190625_17040413374852398978109374_2_Front
6.903102380851696e-05,0.0,0.8565271200000001,/mnt/scratch/users/gnvf500/CPHSTaskPlanning/output/agricultural/agricultural|KMeans|100|1000|Euclidean|-|-|-|FRONT|50|1000|NSGAII/results/AGRICULTURAL_NSGAII_190625_17040810592156647297269592_3_Front
6.575971472682673e-05,0.0,0.8567201800000065,/mnt/scratch/users/gnvf500/CPHSTaskPlanning/output/agricultural/agricultural|KMeans|100|1000|Euclidean|-|-|-|FRONT|50|1000|NSGAII/results/AGRICULTURAL_NSGAII_190625_1704115375025863854593364_4_Front
6.575971472682673e-05,0.0,0.8567201800000065,/mnt/scratch/users/gnvf500/CPHSTaskPlanning/output/agricultural/agricultural|KMeans|100|1000|Euclidean|-|-|-|FRONT|50|1000|NSGAII/results/AGRICULTURAL_NSGAII_190625_1704147484171396319512259_5_Front
6.305458655979207e-05,0.0,0.8567211300000065,/mnt/scratch/users/gnvf500/CPHSTaskPlanning/output/agricultural/agricultural|KMeans|100|1000|Euclidean|-|-|-|FRONT|50|1000|NSGAII/results/AGRICULTURAL_NSGAII_190625_17041716581823556019968360_6_Front
6.305458655979207e-05,0.0,0.8567211300000065,/mnt/scratch/users/gnvf500/CPHSTaskPlanning/output/agricultural/agricultural|KMeans|100|1000|Euclidean|-|-|-|FRONT|50|1000|NSGAII/results/AGRICULTURAL_NSGAII_190625_1704205086934110462109435_7_Front
6.305458655979207e-05,0.0,0.8567211300000065,/mnt/scratch/users/gnvf500/CPHSTaskPlanning/output/agricultural/agricultural|KMeans|100|1000|Euclidean|-|-|-|FRONT|50|1000|NSGAII/results/AGRICULTURAL_NSGAII_190625_1704233208855751899717057_8_Front
6.305458655979207e-05,0.0,0.8567211300000065,/mnt/scratch/users/gnvf500/CPHSTaskPlanning/output/agricultural/agricultural|KMeans|100|1000|Euclidean|-|-|-|FRONT|50|1000|NSGAII/results/AGRICULTURAL_NSGAII_190625_17042610172488777408388924_9_Front
6.305458655979207e-05,0.0,0.8567211300000065,/mnt/scratch/users/gnvf500/CPHSTaskPlanning/output/agricultural/agricultural|KMeans|100|1000|Euclidean|-|-|-|FRONT|50|1000|NSGAII/results/AGRICULTURAL_NSGAII_190625_1704309998218026104437562_10_Front
6.305458655979207e-05,0.0,0.8567211300000065,/mnt/scratch/users/gnvf500/CPHSTaskPlanning/output/agricultural/agricultural|KMeans|100|1000|Euclidean|-|-|-|FRONT|50|1000|NSGAII/results/AGRICULTURAL_NSGAII_190625_1704343175665580649634597_11_Front
6.305458655979207e-05,0.0,0.8567211300000065,/mnt/scratch/users/gnvf500/CPHSTaskPlanning/output/agricultural/agricultural|KMeans|100|1000|Euclidean|-|-|-|FRONT|50|1000|NSGAII/results/AGRICULTURAL_NSGAII_190625_1704373767833845331911191_12_Front
6.305458655979207e-05,0.0,0.8567211300000065,/mnt/scratch/users/gnvf500/CPHSTaskPlanning/output/agricultural/agricultural|KMeans|100|1000|Euclidean|-|-|-|FRONT|50|1000|NSGAII/results/AGRICULTURAL_NSGAII_190625_17044015925184934782242237_13_Front
0.0,0.0,0.9141620200000024,/mnt/scratch/users/gnvf500/CPHSTaskPlanning/output/agricultural/agricultural|KMeans|100|1000|Euclidean|-|-|-|FRONT|50|1000|NSGAII/results/AGRICULTURAL_NSGAII_190625_17044312158360809242737448_14_Front
0.0,0.0,0.9141620200000024,/mnt/scratch/users/gnvf500/CPHSTaskPlanning/output/agricultural/agricultural|KMeans|100|1000|Euclidean|-|-|-|FRONT|50|1000|NSGAII/results/AGRICULTURAL_NSGAII_190625_17044617549998644712933530_15_Front
0.0,0.0,0.9141620200000024,/mnt/scratch/users/gnvf500/CPHSTaskPlanning/output/agricultural/agricultural|KMeans|100|1000|Euclidean|-|-|-|FRONT|50|1000|NSGAII/results/AGRICULTURAL_NSGAII_190625_1704481662927402814699198_16_Front
0.0,0.0,0.9141620200000024,/mnt/scratch/users/gnvf500/CPHSTaskPlanning/output/agricultural/agricultural|KMeans|100|1000|Euclidean|-|-|-|FRONT|50|1000|NSGAII/results/AGRICULTURAL_NSGAII_190625_1704511607443523335700512_17_Front
0.0,0.0,0.9141620200000024,/mnt/scratch/users/gnvf500/CPHSTaskPlanning/output/agricultural/agricultural|KMeans|100|1000|Euclidean|-|-|-|FRONT|50|1000|NSGAII/results/AGRICULTURAL_NSGAII_190625_17045417807037706451397947_18_Front
0.0,0.0,0.9141620200000024,/mnt/scratch/users/gnvf500/CPHSTaskPlanning/output/agricultural/agricultural|KMeans|100|1000|Euclidean|-|-|-|FRONT|50|1000|NSGAII/results/AGRICULTURAL_NSGAII_190625_1704574382222827428854052_19_Front
0.0,0.0,0.9141620200000024,/mnt/scratch/users/gnvf500/CPHSTaskPlanning/output/agricultural/agricultural|KMeans|100|1000|Euclidean|-|-|-|FRONT|50|1000|NSGAII/results/AGRICULTURAL_NSGAII_190625_1705002047330128013011733_20_Front
0.000179267590122394,1.4373989364218216e-05,0.8565230000000003,/mnt/scratch/users/gnvf500/CPHSTaskPlanning/output/agricultural/agricultural|FuzzyKMeans|25|1000|Euclidean|1.05|-|-|FRONT|50|1000|NSGAII/results/AGRICULTURAL_NSGAII_190625_17051516064726785889675540_1_Front
0.00013255430860862743,1.2907255755762087e-05,0.8565231400000003,/mnt/scratch/users/gnvf500/CPHSTaskPlanning/output/agricultural/agricultural|FuzzyKMeans|25|1000|Euclidean|1.05|-|-|FRONT|50|1000|NSGAII/results/AGRICULTURAL_NSGAII_190625_170520721346597356405442_2_Front
9.367510305601348e-05,0.0,0.8565232900000003,/mnt/scratch/users/gnvf500/CPHSTaskPlanning/output/agricultural/agricultural|FuzzyKMeans|25|1000|Euclidean|1.05|-|-|FRONT|50|1000|NSGAII/results/AGRICULTURAL_NSGAII_190625_17052413897786574201856955_3_Front
9.367510305601348e-05,0.0,0.8565232900000003,/mnt/scratch/users/gnvf500/CPHSTaskPlanning/output/agricultural/agricultural|FuzzyKMeans|25|1000|Euclidean|1.05|-|-|FRONT|50|1000|NSGAII/results/AGRICULTURAL_NSGAII_190625_17052914007804290706521055_4_Front
9.367510305601348e-05,0.0,0.8565232900000003,/mnt/scratch/users/gnvf500/CPHSTaskPlanning/output/agricultural/agricultural|FuzzyKMeans|25|1000|Euclidean|1.05|-|-|FRONT|50|1000|NSGAII/results/AGRICULTURAL_NSGAII_190625_170533287391726554024083_5_Front
9.367510305601348e-05,0.0,0.8565232900000003,/mnt/scratch/users/gnvf500/CPHSTaskPlanning/output/agricultural/agricultural|FuzzyKMeans|25|1000|Euclidean|1.05|-|-|FRONT|50|1000|NSGAII/results/AGRICULTURAL_NSGAII_190625_1705375248516187630036046_6_Front
7.651913221280237e-05,0.0,0.8565270900000002,/mnt/scratch/users/gnvf500/CPHSTaskPlanning/output/agricultural/agricultural|FuzzyKMeans|25|1000|Euclidean|1.05|-|-|FRONT|50|1000|NSGAII/results/AGRICULTURAL_NSGAII_190625_1705403317244724635183629_7_Front
7.651913221280237e-05,2.8284271246924956e-06,0.8565271000000002,/mnt/scratch/users/gnvf500/CPHSTaskPlanning/output/agricultural/agricultural|FuzzyKMeans|25|1000|Euclidean|1.05|-|-|FRONT|50|1000|NSGAII/results/AGRICULTURAL_NSGAII_190625_1705449463238944839386751_8_Front
6.956028801499581e-05,0.0,0.8565271200000002,/mnt/scratch/users/gnvf500/CPHSTaskPlanning/output/agricultural/agricultural|FuzzyKMeans|25|1000|Euclidean|1.05|-|-|FRONT|50|1000|NSGAII/results/AGRICULTURAL_NSGAII_190625_17054817876266380555789500_9_Front
6.305458655979207e-05,0.0,0.8567211300000065,/mnt/scratch/users/gnvf500/CPHSTaskPlanning/output/agricultural/agricultural|FuzzyKMeans|25|1000|Euclidean|1.05|-|-|FRONT|50|1000|NSGAII/results/AGRICULTURAL_NSGAII_190625_1705529895194482945640901_10_Front
6.305458655979207e-05,0.0,0.8567211300000065,/mnt/scratch/users/gnvf500/CPHSTaskPlanning/output/agricultural/agricultural|FuzzyKMeans|25|1000|Euclidean|1.05|-|-|FRONT|50|1000|NSGAII/results/AGRICULTURAL_NSGAII_190625_1705569338278237412011630_11_Front
6.305458655979207e-05,0.0,0.8567211300000065,/mnt/scratch/users/gnvf500/CPHSTaskPlanning/output/agricultural/agricultural|FuzzyKMeans|25|1000|Euclidean|1.05|-|-|FRONT|50|1000|NSGAII/results/AGRICULTURAL_NSGAII_190625_1706002801500923482092881_12_Front
6.305458655979207e-05,0.0,0.8567211300000065,/mnt/scratch/users/gnvf500/CPHSTaskPlanning/output/agricultural/agricultural|FuzzyKMeans|25|1000|Euclidean|1.05|-|-|FRONT|50|1000|NSGAII/results/AGRICULTURAL_NSGAII_190625_17060311035392358908824096_13_Front
6.305458655979207e-05,0.0,0.8567211300000065,/mnt/scratch/users/gnvf500/CPHSTaskPlanning/output/agricultural/agricultural|FuzzyKMeans|25|1000|Euclidean|1.05|-|-|FRONT|50|1000|NSGAII/results/AGRICULTURAL_NSGAII_190625_17060614969214837139659243_14_Front
6.305458655979207e-05,0.0,0.8567211300000065,/mnt/scratch/users/gnvf500/CPHSTaskPlanning/output/agricultural/agricultural|FuzzyKMeans|25|1000|Euclidean|1.05|-|-|FRONT|50|1000|NSGAII/results/AGRICULTURAL_NSGAII_190625_1706098437565839056487507_15_Front
6.305458655979207e-05,0.0,0.8567211300000065,/mnt/scratch/users/gnvf500/CPHSTaskPlanning/output/agricultural/agricultural|FuzzyKMeans|25|1000|Euclidean|1.05|-|-|FRONT|50|1000|NSGAII/results/AGRICULTURAL_NSGAII_190625_17061311017364174056703443_16_Front
6.305458655979207e-05,0.0,0.8567211300000065,/mnt/scratch/users/gnvf500/CPHSTaskPlanning/output/agricultural/agricultural|FuzzyKMeans|25|1000|Euclidean|1.05|-|-|FRONT|50|1000|NSGAII/results/AGRICULTURAL_NSGAII_190625_17061715462011724940212864_17_Front
6.305458655979207e-05,0.0,0.8567211300000065,/mnt/scratch/users/gnvf500/CPHSTaskPlanning/output/agricultural/agricultural|FuzzyKMeans|25|1000|Euclidean|1.05|-|-|FRONT|50|1000|NSGAII/results/AGRICULTURAL_NSGAII_190625_17062015500667040226817000_18_Front
6.305458655979207e-05,0.0,0.8567211300000065,/mnt/scratch/users/gnvf500/CPHSTaskPlanning/output/agricultural/agricultural|FuzzyKMeans|25|1000|Euclidean|1.05|-|-|FRONT|50|1000|NSGAII/results/AGRICULTURAL_NSGAII_190625_1706232833956698499961454_19_Front
6.305458655979207e-05,0.0,0.8567211300000065,/mnt/scratch/users/gnvf500/CPHSTaskPlanning/output/agricultural/agricultural|FuzzyKMeans|25|1000|Euclidean|1.05|-|-|FRONT|50|1000|NSGAII/results/AGRICULTURAL_NSGAII_190625_1706268613513703746734783_20_Front
7.226541618203048e-05,0.0,0.8565261700000001,/mnt/scratch/users/gnvf500/CPHSTaskPlanning/output/agricultural/agricultural|FuzzyKMeans|100|1000|Euclidean|1.05|-|-|FRONT|50|1000|NSGAII/results/AGRICULTURAL_NSGAII_190625_17065716794357764118346242_1_Front
7.226541618203048e-05,0.0,0.8565261700000001,/mnt/scratch/users/gnvf500/CPHSTaskPlanning/output/agricultural/agricultural|FuzzyKMeans|100|1000|Euclidean|1.05|-|-|FRONT|50|1000|NSGAII/results/AGRICULTURAL_NSGAII_190625_1707019828449082608994502_2_Front
7.226541618203048e-05,0.0,0.8565261700000001,/mnt/scratch/users/gnvf500/CPHSTaskPlanning/output/agricultural/agricultural|FuzzyKMeans|100|1000|Euclidean|1.05|-|-|FRONT|50|1000|NSGAII/results/AGRICULTURAL_NSGAII_190625_17070514330069395741414220_3_Front
6.903102380851696e-05,0.0,0.8565271200000001,/mnt/scratch/users/gnvf500/CPHSTaskPlanning/output/agricultural/agricultural|FuzzyKMeans|100|1000|Euclidean|1.05|-|-|FRONT|50|1000|NSGAII/results/AGRICULTURAL_NSGAII_190625_17070815995342609633972695_4_Front
6.903102380851696e-05,0.0,0.8565271200000001,/mnt/scratch/users/gnvf500/CPHSTaskPlanning/output/agricultural/agricultural|FuzzyKMeans|100|1000|Euclidean|1.05|-|-|FRONT|50|1000|NSGAII/results/AGRICULTURAL_NSGAII_190625_1707118844222353167953439_5_Front
6.575971472682673e-05,0.0,0.8567201800000065,/mnt/scratch/users/gnvf500/CPHSTaskPlanning/output/agricultural/agricultural|FuzzyKMeans|100|1000|Euclidean|1.05|-|-|FRONT|50|1000|NSGAII/results/AGRICULTURAL_NSGAII_190625_17071512169373161218105296_6_Front
6.305458655979207e-05,0.0,0.8567211300000065,/mnt/scratch/users/gnvf500/CPHSTaskPlanning/output/agricultural/agricultural|FuzzyKMeans|100|1000|Euclidean|1.05|-|-|FRONT|50|1000|NSGAII/results/AGRICULTURAL_NSGAII_190625_170718674360566279957251_7_Front
6.305458655979207e-05,0.0,0.8567211300000065,/mnt/scratch/users/gnvf500/CPHSTaskPlanning/output/agricultural/agricultural|FuzzyKMeans|100|1000|Euclidean|1.05|-|-|FRONT|50|1000|NSGAII/results/AGRICULTURAL_NSGAII_190625_1707214175165113671015754_8_Front
6.305458655979207e-05,0.0,0.8567211300000065,/mnt/scratch/users/gnvf500/CPHSTaskPlanning/output/agricultural/agricultural|FuzzyKMeans|100|1000|Euclidean|1.05|-|-|FRONT|50|1000|NSGAII/results/AGRICULTURAL_NSGAII_190625_17072314559698704079879242_9_Front
6.305458655979207e-05,0.0,0.8567211300000065,/mnt/scratch/users/gnvf500/CPHSTaskPlanning/output/agricultural/agricultural|FuzzyKMeans|100|1000|Euclidean|1.05|-|-|FRONT|50|1000|NSGAII/results/AGRICULTURAL_NSGAII_190625_17072711054653770943241540_10_Front
6.305458655979207e-05,0.0,0.8567211300000065,/mnt/scratch/users/gnvf500/CPHSTaskPlanning/output/agricultural/agricultural|FuzzyKMeans|100|1000|Euclidean|1.05|-|-|FRONT|50|1000|NSGAII/results/AGRICULTURAL_NSGAII_190625_17073011603749234850838222_11_Front
6.305458655979207e-05,0.0,0.8567211300000065,/mnt/scratch/users/gnvf500/CPHSTaskPlanning/output/agricultural/agricultural|FuzzyKMeans|100|1000|Euclidean|1.05|-|-|FRONT|50|1000|NSGAII/results/AGRICULTURAL_NSGAII_190625_170732811738726402719674_12_Front
6.305458655979207e-05,0.0,0.8567211300000065,/mnt/scratch/users/gnvf500/CPHSTaskPlanning/output/agricultural/agricultural|FuzzyKMeans|100|1000|Euclidean|1.05|-|-|FRONT|50|1000|NSGAII/results/AGRICULTURAL_NSGAII_190625_17073514307205785409295452_13_Front
6.305458655979207e-05,0.0,0.8567211300000065,/mnt/scratch/users/gnvf500/CPHSTaskPlanning/output/agricultural/agricultural|FuzzyKMeans|100|1000|Euclidean|1.05|-|-|FRONT|50|1000|NSGAII/results/AGRICULTURAL_NSGAII_190625_17073814749194103268436627_14_Front
6.305458655979207e-05,0.0,0.8567211300000065,/mnt/scratch/users/gnvf500/CPHSTaskPlanning/output/agricultural/agricultural|FuzzyKMeans|100|1000|Euclidean|1.05|-|-|FRONT|50|1000|NSGAII/results/AGRICULTURAL_NSGAII_190625_1707414797349897367749389_15_Front
6.305458655979207e-05,0.0,0.8567211300000065,/mnt/scratch/users/gnvf500/CPHSTaskPlanning/output/agricultural/agricultural|FuzzyKMeans|100|1000|Euclidean|1.05|-|-|FRONT|50|1000|NSGAII/results/AGRICULTURAL_NSGAII_190625_1707439996621730742170218_16_Front
6.305458655979207e-05,0.0,0.8567211300000065,/mnt/scratch/users/gnvf500/CPHSTaskPlanning/output/agricultural/agricultural|FuzzyKMeans|100|1000|Euclidean|1.05|-|-|FRONT|50|1000|NSGAII/results/AGRICULTURAL_NSGAII_190625_1707463249671019319967348_17_Front
6.305458655979207e-05,0.0,0.8567211300000065,/mnt/scratch/users/gnvf500/CPHSTaskPlanning/output/agricultural/agricultural|FuzzyKMeans|100|1000|Euclidean|1.05|-|-|FRONT|50|1000|NSGAII/results/AGRICULTURAL_NSGAII_190625_1707493518703762257541400_18_Front
6.305458655979207e-05,0.0,0.8567211300000065,/mnt/scratch/users/gnvf500/CPHSTaskPlanning/output/agricultural/agricultural|FuzzyKMeans|100|1000|Euclidean|1.05|-|-|FRONT|50|1000|NSGAII/results/AGRICULTURAL_NSGAII_190625_17075111454487989102317775_19_Front
6.305458655979207e-05,0.0,0.8567211300000065,/mnt/scratch/users/gnvf500/CPHSTaskPlanning/output/agricultural/agricultural|FuzzyKMeans|100|1000|Euclidean|1.05|-|-|FRONT|50|1000|NSGAII/results/AGRICULTURAL_NSGAII_190625_17075514959454682664509605_20_Front
0.000397850074137915,0.00522824599775299,0.8564891800000002,/mnt/scratch/users/gnvf500/CPHSTaskPlanning/output/agricultural/agricultural|DBSCAN|25|-|-|-|0.2|2|FRONT|50|1000|NSGAII/results/AGRICULTURAL_NSGAII_190625_1708096201193854762082893_1_Front
0.00034817013509026734,0.0,0.8566892200000066,/mnt/scratch/users/gnvf500/CPHSTaskPlanning/output/agricultural/agricultural|DBSCAN|25|-|-|-|0.2|2|FRONT|50|1000|NSGAII/results/AGRICULTURAL_NSGAII_190625_17081411926751881876588867_2_Front
0.00032820454531705417,0.0,0.8566960600000065,/mnt/scratch/users/gnvf500/CPHSTaskPlanning/output/agricultural/agricultural|DBSCAN|25|-|-|-|0.2|2|FRONT|50|1000|NSGAII/results/AGRICULTURAL_NSGAII_190625_1708196888144582850828063_3_Front
0.00031329664558063644,2.8284271247929817e-06,0.8566970300000066,/mnt/scratch/users/gnvf500/CPHSTaskPlanning/output/agricultural/agricultural|DBSCAN|25|-|-|-|0.2|2|FRONT|50|1000|NSGAII/results/AGRICULTURAL_NSGAII_190625_1708247812185221450441085_4_Front
0.00027484676214898637,9.152982445183813e-06,0.8566999400000066,/mnt/scratch/users/gnvf500/CPHSTaskPlanning/output/agricultural/agricultural|DBSCAN|25|-|-|-|0.2|2|FRONT|50|1000|NSGAII/results/AGRICULTURAL_NSGAII_190625_17082816123050910668385464_5_Front
0.00024848299815089853,1.8973665961172496e-05,0.8567018800000066,/mnt/scratch/users/gnvf500/CPHSTaskPlanning/output/agricultural/agricultural|DBSCAN|25|-|-|-|0.2|2|FRONT|50|1000|NSGAII/results/AGRICULTURAL_NSGAII_190625_1708322931999583562972714_6_Front
0.0001963711867672436,1.2649110640781663e-05,0.8567057600000065,/mnt/scratch/users/gnvf500/CPHSTaskPlanning/output/agricultural/agricultural|DBSCAN|25|-|-|-|0.2|2|FRONT|50|1000|NSGAII/results/AGRICULTURAL_NSGAII_190625_17083614566311874815203651_7_Front
0.0001963711867672436,1.8973665961172496e-05,0.8567057600000065,/mnt/scratch/users/gnvf500/CPHSTaskPlanning/output/agricultural/agricultural|DBSCAN|25|-|-|-|0.2|2|FRONT|50|1000|NSGAII/results/AGRICULTURAL_NSGAII_190625_1708399348087159216679766_8_Front
0.00016820574500766368,2.5298221281563325e-05,0.8567086400000066,/mnt/scratch/users/gnvf500/CPHSTaskPlanning/output/agricultural/agricultural|DBSCAN|25|-|-|-|0.2|2|FRONT|50|1000|NSGAII/results/AGRICULTURAL_NSGAII_190625_1708435677835462230115573_9_Front
0.00011957530776705043,0.0,0.8567125200000066,/mnt/scratch/users/gnvf500/CPHSTaskPlanning/output/agricultural/agricultural|DBSCAN|25|-|-|-|0.2|2|FRONT|50|1000|NSGAII/results/AGRICULTURAL_NSGAII_190625_17084612378382583947953679_10_Front
0.00011957530776705043,0.0,0.8567125200000066,/mnt/scratch/users/gnvf500/CPHSTaskPlanning/output/agricultural/agricultural|DBSCAN|25|-|-|-|0.2|2|FRONT|50|1000|NSGAII/results/AGRICULTURAL_NSGAII_190625_1708504708190704181869862_11_Front
0.00011957530776705043,0.0,0.8567125200000066,/mnt/scratch/users/gnvf500/CPHSTaskPlanning/output/agricultural/agricultural|DBSCAN|25|-|-|-|0.2|2|FRONT|50|1000|NSGAII/results/AGRICULTURAL_NSGAII_190625_17085313056474150179854647_12_Front
9.47163171390079e-05,0.0,0.8567172700000066,/mnt/scratch/users/gnvf500/CPHSTaskPlanning/output/agricultural/agricultural|DBSCAN|25|-|-|-|0.2|2|FRONT|50|1000|NSGAII/results/AGRICULTURAL_NSGAII_190625_1708573303483474260150308_13_Front
9.47163171390079e-05,0.0,0.8567172700000066,/mnt/scratch/users/gnvf500/CPHSTaskPlanning/output/agricultural/agricultural|DBSCAN|25|-|-|-|0.2|2|FRONT|50|1000|NSGAII/results/AGRICULTURAL_NSGAII_190625_1709014382051979136415888_14_Front
7.756034629579679e-05,0.0,0.8567210700000065,/mnt/scratch/users/gnvf500/CPHSTaskPlanning/output/agricultural/agricultural|DBSCAN|25|-|-|-|0.2|2|FRONT|50|1000|NSGAII/results/AGRICULTURAL_NSGAII_190625_17090417389452455971537568_15_Front
7.060150209799023e-05,0.0,0.8567211000000066,/mnt/scratch/users/gnvf500/CPHSTaskPlanning/output/agricultural/agricultural|DBSCAN|25|-|-|-|0.2|2|FRONT|50|1000|NSGAII/results/AGRICULTURAL_NSGAII_190625_17090716628618121991887031_16_Front
6.305458655979207e-05,0.0,0.8567211300000065,/mnt/scratch/users/gnvf500/CPHSTaskPlanning/output/agricultural/agricultural|DBSCAN|25|-|-|-|0.2|2|FRONT|50|1000|NSGAII/results/AGRICULTURAL_NSGAII_190625_17091012432592371471897626_17_Front
6.305458655979207e-05,0.0,0.8567211300000065,/mnt/scratch/users/gnvf500/CPHSTaskPlanning/output/agricultural/agricultural|DBSCAN|25|-|-|-|0.2|2|FRONT|50|1000|NSGAII/results/AGRICULTURAL_NSGAII_190625_1709131820195616126765964_18_Front
6.305458655979207e-05,0.0,0.8567211300000065,/mnt/scratch/users/gnvf500/CPHSTaskPlanning/output/agricultural/agricultural|DBSCAN|25|-|-|-|0.2|2|FRONT|50|1000|NSGAII/results/AGRICULTURAL_NSGAII_190625_1709165720736438555838293_19_Front
6.305458655979207e-05,0.0,0.8567211300000065,/mnt/scratch/users/gnvf500/CPHSTaskPlanning/output/agricultural/agricultural|DBSCAN|25|-|-|-|0.2|2|FRONT|50|1000|NSGAII/results/AGRICULTURAL_NSGAII_190625_17091915501045161612318596_20_Front
0.00026048433653632464,0.0,0.8565057600000001,/mnt/scratch/users/gnvf500/CPHSTaskPlanning/output/agricultural/agricultural|DBSCAN|50|-|-|-|0.2|2|FRONT|50|1000|NSGAII/results/AGRICULTURAL_NSGAII_190625_1709366882432732466076666_1_Front
0.00026048433653632464,0.0,0.8565057600000001,/mnt/scratch/users/gnvf500/CPHSTaskPlanning/output/agricultural/agricultural|DBSCAN|50|-|-|-|0.2|2|FRONT|50|1000|NSGAII/results/AGRICULTURAL_NSGAII_190625_17094210976327154176289639_2_Front
0.00026048433653632464,0.0,0.8565057600000001,/mnt/scratch/users/gnvf500/CPHSTaskPlanning/output/agricultural/agricultural|DBSCAN|50|-|-|-|0.2|2|FRONT|50|1000|NSGAII/results/AGRICULTURAL_NSGAII_190625_17094816043759167054852469_3_Front
0.00026048433653632464,0.0,0.8565057600000001,/mnt/scratch/users/gnvf500/CPHSTaskPlanning/output/agricultural/agricultural|DBSCAN|50|-|-|-|0.2|2|FRONT|50|1000|NSGAII/results/AGRICULTURAL_NSGAII_190625_17095510574112305828142009_4_Front
0.00024051874676311145,6.324555320390831e-06,0.85651263,/mnt/scratch/users/gnvf500/CPHSTaskPlanning/output/agricultural/agricultural|DBSCAN|50|-|-|-|0.2|2|FRONT|50|1000|NSGAII/results/AGRICULTURAL_NSGAII_190625_1710028918270468753655596_5_Front
0.00012361685910557732,0.0,0.8565222700000003,/mnt/scratch/users/gnvf500/CPHSTaskPlanning/output/agricultural/agricultural|DBSCAN|50|-|-|-|0.2|2|FRONT|50|1000|NSGAII/results/AGRICULTURAL_NSGAII_190625_1710086924252803051781820_6_Front
9.545141734599735e-05,0.0,0.8565251500000003,/mnt/scratch/users/gnvf500/CPHSTaskPlanning/output/agricultural/agricultural|DBSCAN|50|-|-|-|0.2|2|FRONT|50|1000|NSGAII/results/AGRICULTURAL_NSGAII_190625_17101215563305413860764504_7_Front
9.545141734599735e-05,6.324555320390831e-06,0.8565251800000002,/mnt/scratch/users/gnvf500/CPHSTaskPlanning/output/agricultural/agricultural|DBSCAN|50|-|-|-|0.2|2|FRONT|50|1000|NSGAII/results/AGRICULTURAL_NSGAII_190625_1710161130927723473139165_8_Front
9.545141734599735e-05,6.324555320390831e-06,0.8565251800000002,/mnt/scratch/users/gnvf500/CPHSTaskPlanning/output/agricultural/agricultural|DBSCAN|50|-|-|-|0.2|2|FRONT|50|1000|NSGAII/results/AGRICULTURAL_NSGAII_190625_1710211417501821697757485_9_Front
9.545141734599735e-05,6.324555320390831e-06,0.8565251800000002,/mnt/scratch/users/gnvf500/CPHSTaskPlanning/output/agricultural/agricultural|DBSCAN|50|-|-|-|0.2|2|FRONT|50|1000|NSGAII/results/AGRICULTURAL_NSGAII_190625_17102512039477444839938052_10_Front
7.756785943679045e-05,0.0,0.8565252200000002,/mnt/scratch/users/gnvf500/CPHSTaskPlanning/output/agricultural/agricultural|DBSCAN|50|-|-|-|0.2|2|FRONT|50|1000|NSGAII/results/AGRICULTURAL_NSGAII_190625_17103013481938550967641143_11_Front
7.756785943679045e-05,0.0,0.8565252200000002,/mnt/scratch/users/gnvf500/CPHSTaskPlanning/output/agricultural/agricultural|DBSCAN|50|-|-|-|0.2|2|FRONT|50|1000|NSGAII/results/AGRICULTURAL_NSGAII_190625_1710344990734364215979642_12_Front
7.756785943679045e-05,0.0,0.8565252200000002,/mnt/scratch/users/gnvf500/CPHSTaskPlanning/output/agricultural/agricultural|DBSCAN|50|-|-|-|0.2|2|FRONT|50|1000|NSGAII/results/AGRICULTURAL_NSGAII_190625_17103811366138638027544453_13_Front
7.756785943679045e-05,0.0,0.8565252200000002,/mnt/scratch/users/gnvf500/CPHSTaskPlanning/output/agricultural/agricultural|DBSCAN|50|-|-|-|0.2|2|FRONT|50|1000|NSGAII/results/AGRICULTURAL_NSGAII_190625_1710432651668826200283117_14_Front
7.756785943679045e-05,0.0,0.8565252200000002,/mnt/scratch/users/gnvf500/CPHSTaskPlanning/output/agricultural/agricultural|DBSCAN|50|-|-|-|0.2|2|FRONT|50|1000|NSGAII/results/AGRICULTURAL_NSGAII_190625_17104612280187662902077208_15_Front
7.756785943679045e-05,0.0,0.8565252200000002,/mnt/scratch/users/gnvf500/CPHSTaskPlanning/output/agricultural/agricultural|DBSCAN|50|-|-|-|0.2|2|FRONT|50|1000|NSGAII/results/AGRICULTURAL_NSGAII_190625_1710503490224671625774790_16_Front
7.756785943679045e-05,0.0,0.8565252200000002,/mnt/scratch/users/gnvf500/CPHSTaskPlanning/output/agricultural/agricultural|DBSCAN|50|-|-|-|0.2|2|FRONT|50|1000|NSGAII/results/AGRICULTURAL_NSGAII_190625_17105213345830674301901206_17_Front
7.756785943679045e-05,0.0,0.8565252200000002,/mnt/scratch/users/gnvf500/CPHSTaskPlanning/output/agricultural/agricultural|DBSCAN|50|-|-|-|0.2|2|FRONT|50|1000|NSGAII/results/AGRICULTURAL_NSGAII_190625_17105715481209900789820670_18_Front
7.756785943679045e-05,0.0,0.8565252200000002,/mnt/scratch/users/gnvf500/CPHSTaskPlanning/output/agricultural/agricultural|DBSCAN|50|-|-|-|0.2|2|FRONT|50|1000|NSGAII/results/AGRICULTURAL_NSGAII_190625_17110113280668345288888682_19_Front
7.756785943679045e-05,0.0,0.8565252200000002,/mnt/scratch/users/gnvf500/CPHSTaskPlanning/output/agricultural/agricultural|DBSCAN|50|-|-|-|0.2|2|FRONT|50|1000|NSGAII/results/AGRICULTURAL_NSGAII_190625_1711068929495969335860562_20_Front
0.00043913613035551395,0.0002250000000003638,0.8564890900000002,/mnt/scratch/users/gnvf500/CPHSTaskPlanning/output/agricultural/agricultural|DBSCAN|75|-|-|-|0.2|2|FRONT|50|1000|NSGAII/results/AGRICULTURAL_NSGAII_190625_17112112416522370757892878_1_Front
0.00043913613035551395,0.005656799835469604,0.8564959300000001,/mnt/scratch/users/gnvf500/CPHSTaskPlanning/output/agricultural/agricultural|DBSCAN|75|-|-|-|0.2|2|FRONT|50|1000|NSGAII/results/AGRICULTURAL_NSGAII_190625_1711265004774431261125814_2_Front
0.00033661282063019625,0.005450024948303891,0.8564989300000002,/mnt/scratch/users/gnvf500/CPHSTaskPlanning/output/agricultural/agricultural|DBSCAN|75|-|-|-|0.2|2|FRONT|50|1000|NSGAII/results/AGRICULTURAL_NSGAII_190625_17113011036678018834670049_3_Front
0.00033661282063019625,0.00681569346304006,0.8564989300000002,/mnt/scratch/users/gnvf500/CPHSTaskPlanning/output/agricultural/agricultural|DBSCAN|75|-|-|-|0.2|2|FRONT|50|1000|NSGAII/results/AGRICULTURAL_NSGAII_190625_1711361356284135057829722_4_Front
0.00033661282063019625,0.0068220180183604495,0.8564989300000002,/mnt/scratch/users/gnvf500/CPHSTaskPlanning/output/agricultural/agricultural|DBSCAN|75|-|-|-|0.2|2|FRONT|50|1000|NSGAII/results/AGRICULTURAL_NSGAII_190625_17114117083672703025985683_5_Front
0.00033661282063019625,0.006828342573680841,0.8564989300000002,/mnt/scratch/users/gnvf500/CPHSTaskPlanning/output/agricultural/agricultural|DBSCAN|75|-|-|-|0.2|2|FRONT|50|1000|NSGAII/results/AGRICULTURAL_NSGAII_190625_17114610324327681212493151_6_Front
0.0002902041906642388,3.1622776601954155e-05,0.8565059100000002,/mnt/scratch/users/gnvf500/CPHSTaskPlanning/output/agricultural/agricultural|DBSCAN|75|-|-|-|0.2|2|FRONT|50|1000|NSGAII/results/AGRICULTURAL_NSGAII_190625_1711494346071812947625217_7_Front
0.00020992693752100398,0.0,0.8565126700000002,/mnt/scratch/users/gnvf500/CPHSTaskPlanning/output/agricultural/agricultural|DBSCAN|75|-|-|-|0.2|2|FRONT|50|1000|NSGAII/results/AGRICULTURAL_NSGAII_190625_1711536999136618631178527_8_Front
0.00017147705408935388,6.324555320390831e-06,0.8565155800000002,/mnt/scratch/users/gnvf500/CPHSTaskPlanning/output/agricultural/agricultural|DBSCAN|75|-|-|-|0.2|2|FRONT|50|1000|NSGAII/results/AGRICULTURAL_NSGAII_190625_17115712767087095630995577_9_Front
0.00012284661684874068,0.0,0.8565194600000002,/mnt/scratch/users/gnvf500/CPHSTaskPlanning/output/agricultural/agricultural|DBSCAN|75|-|-|-|0.2|2|FRONT|50|1000|NSGAII/results/AGRICULTURAL_NSGAII_190625_1712031827797755092647639_10_Front
0.00012284661684874068,0.0,0.8565194600000002,/mnt/scratch/users/gnvf500/CPHSTaskPlanning/output/agricultural/agricultural|DBSCAN|75|-|-|-|0.2|2|FRONT|50|1000|NSGAII/results/AGRICULTURAL_NSGAII_190625_1712068713089957550081455_11_Front
0.00012284661684874068,0.0,0.8565194600000002,/mnt/scratch/users/gnvf500/CPHSTaskPlanning/output/agricultural/agricultural|DBSCAN|75|-|-|-|0.2|2|FRONT|50|1000|NSGAII/results/AGRICULTURAL_NSGAII_190625_171210722302852863900107_12_Front
0.00012284661684874068,0.0,0.8565194600000002,/mnt/scratch/users/gnvf500/CPHSTaskPlanning/output/agricultural/agricultural|DBSCAN|75|-|-|-|0.2|2|FRONT|50|1000|NSGAII/results/AGRICULTURAL_NSGAII_190625_1712145443553002663177884_13_Front
3.812980054866185e-05,0.0,0.9141553400000023,/mnt/scratch/users/gnvf500/CPHSTaskPlanning/output/agricultural/agricultural|DBSCAN|75|-|-|-|0.2|2|FRONT|50|1000|NSGAII/results/AGRICULTURAL_NSGAII_190625_1712185544673482257818116_14_Front
1.426073001069466e-05,0.0,0.9141582200000024,/mnt/scratch/users/gnvf500/CPHSTaskPlanning/output/agricultural/agricultural|DBSCAN|75|-|-|-|0.2|2|FRONT|50|1000|NSGAII/results/AGRICULTURAL_NSGAII_190625_1712224411308736630310815_15_Front
1.426073001069466e-05,0.0,0.9141582200000024,/mnt/scratch/users/gnvf500/CPHSTaskPlanning/output/agricultural/agricultural|DBSCAN|75|-|-|-|0.2|2|FRONT|50|1000|NSGAII/results/AGRICULTURAL_NSGAII_190625_17122614127311502635212264_16_Front
1.426073001069466e-05,0.0,0.9141582200000024,/mnt/scratch/users/gnvf500/CPHSTaskPlanning/output/agricultural/agricultural|DBSCAN|75|-|-|-|0.2|2|FRONT|50|1000|NSGAII/results/AGRICULTURAL_NSGAII_190625_1712299187150226190414341_17_Front
1.426073001069466e-05,0.0,0.9141582200000024,/mnt/scratch/users/gnvf500/CPHSTaskPlanning/output/agricultural/agricultural|DBSCAN|75|-|-|-|0.2|2|FRONT|50|1000|NSGAII/results/AGRICULTURAL_NSGAII_190625_1712334906114039325371087_18_Front
1.426073001069466e-05,0.0,0.9141582200000024,/mnt/scratch/users/gnvf500/CPHSTaskPlanning/output/agricultural/agricultural|DBSCAN|75|-|-|-|0.2|2|FRONT|50|1000|NSGAII/results/AGRICULTURAL_NSGAII_190625_17123612583699664226671153_19_Front
1.426073001069466e-05,0.0,0.9141582200000024,/mnt/scratch/users/gnvf500/CPHSTaskPlanning/output/agricultural/agricultural|DBSCAN|75|-|-|-|0.2|2|FRONT|50|1000|NSGAII/results/AGRICULTURAL_NSGAII_190625_1712401971811326478836497_20_Front
7.226541618203048e-05,0.0,0.8565261700000001,/mnt/scratch/users/gnvf500/CPHSTaskPlanning/output/agricultural/agricultural|DBSCAN|100|-|-|-|0.2|2|FRONT|50|1000|NSGAII/results/AGRICULTURAL_NSGAII_190625_1712535761843627608380755_1_Front
7.226541618203048e-05,0.0,0.8565261700000001,/mnt/scratch/users/gnvf500/CPHSTaskPlanning/output/agricultural/agricultural|DBSCAN|100|-|-|-|0.2|2|FRONT|50|1000|NSGAII/results/AGRICULTURAL_NSGAII_190625_17125710095810146003131710_2_Front
7.226541618203048e-05,0.0,0.8565261700000001,/mnt/scratch/users/gnvf500/CPHSTaskPlanning/output/agricultural/agricultural|DBSCAN|100|-|-|-|0.2|2|FRONT|50|1000|NSGAII/results/AGRICULTURAL_NSGAII_190625_171301680962963059668335_3_Front
7.226541618203048e-05,0.0,0.8565261700000001,/mnt/scratch/users/gnvf500/CPHSTaskPlanning/output/agricultural/agricultural|DBSCAN|100|-|-|-|0.2|2|FRONT|50|1000|NSGAII/results/AGRICULTURAL_NSGAII_190625_1713057813936441015453479_4_Front
7.226541618203048e-05,0.0,0.8565261700000001,/mnt/scratch/users/gnvf500/CPHSTaskPlanning/output/agricultural/agricultural|DBSCAN|100|-|-|-|0.2|2|FRONT|50|1000|NSGAII/results/AGRICULTURAL_NSGAII_190625_1713082288995820757317425_5_Front
7.226541618203048e-05,0.0,0.8565261700000001,/mnt/scratch/users/gnvf500/CPHSTaskPlanning/output/agricultural/agricultural|DBSCAN|100|-|-|-|0.2|2|FRONT|50|1000|NSGAII/results/AGRICULTURAL_NSGAII_190625_1713125486400715146453065_6_Front
7.226541618203048e-05,0.0,0.8565261700000001,/mnt/scratch/users/gnvf500/CPHSTaskPlanning/output/agricultural/agricultural|DBSCAN|100|-|-|-|0.2|2|FRONT|50|1000|NSGAII/results/AGRICULTURAL_NSGAII_190625_1713162023723191378441105_7_Front
7.226541618203048e-05,0.0,0.8565261700000001,/mnt/scratch/users/gnvf500/CPHSTaskPlanning/output/agricultural/agricultural|DBSCAN|100|-|-|-|0.2|2|FRONT|50|1000|NSGAII/results/AGRICULTURAL_NSGAII_190625_1713207656676076760654524_8_Front
6.903102380851696e-05,0.0,0.8565271200000001,/mnt/scratch/users/gnvf500/CPHSTaskPlanning/output/agricultural/agricultural|DBSCAN|100|-|-|-|0.2|2|FRONT|50|1000|NSGAII/results/AGRICULTURAL_NSGAII_190625_1713241734384555059325977_9_Front
6.903102380851696e-05,0.0,0.8565271200000001,/mnt/scratch/users/gnvf500/CPHSTaskPlanning/output/agricultural/agricultural|DBSCAN|100|-|-|-|0.2|2|FRONT|50|1000|NSGAII/results/AGRICULTURAL_NSGAII_190625_1713292537007452198025085_10_Front
6.903102380851696e-05,0.0,0.8565271200000001,/mnt/scratch/users/gnvf500/CPHSTaskPlanning/output/agricultural/agricultural|DBSCAN|100|-|-|-|0.2|2|FRONT|50|1000|NSGAII/results/AGRICULTURAL_NSGAII_190625_17133217247670670913264186_11_Front
6.575971472682673e-05,0.0,0.8567201800000065,/mnt/scratch/users/gnvf500/CPHSTaskPlanning/output/agricultural/agricultural|DBSCAN|100|-|-|-|0.2|2|FRONT|50|1000|NSGAII/results/AGRICULTURAL_NSGAII_190625_17133512055573045060765199_12_Front
6.575971472682673e-05,0.0,0.8567201800000065,/mnt/scratch/users/gnvf500/CPHSTaskPlanning/output/agricultural/agricultural|DBSCAN|100|-|-|-|0.2|2|FRONT|50|1000|NSGAII/results/AGRICULTURAL_NSGAII_190625_1713381320836969390258182_13_Front
6.305458655979207e-05,0.0,0.8567211300000065,/mnt/scratch/users/gnvf500/CPHSTaskPlanning/output/agricultural/agricultural|DBSCAN|100|-|-|-|0.2|2|FRONT|50|1000|NSGAII/results/AGRICULTURAL_NSGAII_190625_1713427396519283990359781_14_Front
6.305458655979207e-05,0.0,0.8567211300000065,/mnt/scratch/users/gnvf500/CPHSTaskPlanning/output/agricultural/agricultural|DBSCAN|100|-|-|-|0.2|2|FRONT|50|1000|NSGAII/results/AGRICULTURAL_NSGAII_190625_17134512314809354447547486_15_Front
6.305458655979207e-05,0.0,0.8567211300000065,/mnt/scratch/users/gnvf500/CPHSTaskPlanning/output/agricultural/agricultural|DBSCAN|100|-|-|-|0.2|2|FRONT|50|1000|NSGAII/results/AGRICULTURAL_NSGAII_190625_1713489170923656425531503_16_Front
6.305458655979207e-05,0.0,0.8567211300000065,/mnt/scratch/users/gnvf500/CPHSTaskPlanning/output/agricultural/agricultural|DBSCAN|100|-|-|-|0.2|2|FRONT|50|1000|NSGAII/results/AGRICULTURAL_NSGAII_190625_17135117972832628462634312_17_Front
6.305458655979207e-05,0.0,0.8567211300000065,/mnt/scratch/users/gnvf500/CPHSTaskPlanning/output/agricultural/agricultural|DBSCAN|100|-|-|-|0.2|2|FRONT|50|1000|NSGAII/results/AGRICULTURAL_NSGAII_190625_17135417446765733372285929_18_Front
6.305458655979207e-05,0.0,0.8567211300000065,/mnt/scratch/users/gnvf500/CPHSTaskPlanning/output/agricultural/agricultural|DBSCAN|100|-|-|-|0.2|2|FRONT|50|1000|NSGAII/results/AGRICULTURAL_NSGAII_190625_1713584738905134675372452_19_Front
6.305458655979207e-05,0.0,0.8567211300000065,/mnt/scratch/users/gnvf500/CPHSTaskPlanning/output/agricultural/agricultural|DBSCAN|100|-|-|-|0.2|2|FRONT|50|1000|NSGAII/results/AGRICULTURAL_NSGAII_190625_17140217752908090550325557_20_Front
