"Pmax=? [ F ""success"" ]","Rmin=? [ F ""done"" ]",experiment
0.03361344537814756,99.98022962221907,outputExpAgricultural_Model/exp8/agricultural|NONE2|0|-|-|-|-|-|FRONT|20|400|NSGAII/results/AGRICULTURAL_NSGAII_131225_0400203296435806007242693_3_Front
0.03361344537814756,99.98022962221907,outputExpAgricultural_Model/exp8/agricultural|NONE2|0|-|-|-|-|-|FRONT|20|400|NSGAII/results/AGRICULTURAL_NSGAII_131225_04004810837154115986038524_4_Front
0.03361344537814756,99.98022962221907,outputExpAgricultural_Model/exp8/agricultural|NONE2|0|-|-|-|-|-|FRONT|20|400|NSGAII/results/AGRICULTURAL_NSGAII_131225_04013111256082628804499719_5_Front
1.4117647058823468,98.64989757515126,outputExpAgricultural_Model/exp8/agricultural|NONE2|0|-|-|-|-|-|FRONT|20|400|NSGAII/results/AGRICULTURAL_NSGAII_131225_04025712760760192725888629_7_Front
1.4117647058823468,98.64989757515126,outputExpAgricultural_Model/exp8/agricultural|NONE2|0|-|-|-|-|-|FRONT|20|400|NSGAII/results/AGRICULTURAL_NSGAII_131225_04033117973712543390049468_8_Front
1.4117647058823468,98.64989757515126,outputExpAgricultural_Model/exp8/agricultural|NONE2|0|-|-|-|-|-|FRONT|20|400|NSGAII/results/AGRICULTURAL_NSGAII_131225_0404143859133773451776045_9_Front
54.11764705882355,55.328474107950974,outputExpAgricultural_Model/exp8/agricultural|NONE2|0|-|-|-|-|-|FRONT|20|400|NSGAII/results/AGRICULTURAL_NSGAII_131225_0410031317054452349672182_18_Front
4.369747899159668,95.88799961888427,outputExpAgricultural_Model/exp8/agricultural|NONE2|0|-|-|-|-|-|FRONT|20|400|NSGAII/results/AGRICULTURAL_NSGAII_131225_0410368844959217348969218_19_Front
54.11764705882355,55.328474107950974,outputExpAgricultural_Model/exp8/agricultural|NONE2|0|-|-|-|-|-|FRONT|20|400|NSGAII/results/AGRICULTURAL_NSGAII_131225_0410368844959217348969218_19_Front
0.10084033613444268,99.87375541898909,outputExpAgricultural_Model/exp8/agricultural|Random|25|-|-|-|-|-|FRONT|20|400|NSGAII/results/AGRICULTURAL_NSGAII_131225_04261817628432363055739503_1_Front
0.10084033613444268,99.87375541898909,outputExpAgricultural_Model/exp8/agricultural|Random|25|-|-|-|-|-|FRONT|20|400|NSGAII/results/AGRICULTURAL_NSGAII_131225_0427226903049259355010737_2_Front
17.00840336134453,82.22833595350386,outputExpAgricultural_Model/exp8/agricultural|Random|25|-|-|-|-|-|FRONT|20|400|NSGAII/results/AGRICULTURAL_NSGAII_131225_04274610360045141240240422_3_Front
79.96638655462185,33.01176694773946,outputExpAgricultural_Model/exp8/agricultural|Random|25|-|-|-|-|-|FRONT|20|400|NSGAII/results/AGRICULTURAL_NSGAII_131225_04274610360045141240240422_3_Front
50.4873949579832,58.680386832452,outputExpAgricultural_Model/exp8/agricultural|Random|25|-|-|-|-|-|FRONT|20|400|NSGAII/results/AGRICULTURAL_NSGAII_131225_04274610360045141240240422_3_Front
17.00840336134453,82.22833595350386,outputExpAgricultural_Model/exp8/agricultural|Random|25|-|-|-|-|-|FRONT|20|400|NSGAII/results/AGRICULTURAL_NSGAII_131225_0428362334141088999750239_4_Front
78.45378151260506,34.83183269020055,outputExpAgricultural_Model/exp8/agricultural|Random|25|-|-|-|-|-|FRONT|20|400|NSGAII/results/AGRICULTURAL_NSGAII_131225_0428362334141088999750239_4_Front
50.4873949579832,58.680386832452,outputExpAgricultural_Model/exp8/agricultural|Random|25|-|-|-|-|-|FRONT|20|400|NSGAII/results/AGRICULTURAL_NSGAII_131225_0428362334141088999750239_4_Front
79.96638655462185,33.01176694773946,outputExpAgricultural_Model/exp8/agricultural|Random|25|-|-|-|-|-|FRONT|20|400|NSGAII/results/AGRICULTURAL_NSGAII_131225_0428362334141088999750239_4_Front
17.680672268907557,81.62379114858751,outputExpAgricultural_Model/exp8/agricultural|Random|25|-|-|-|-|-|FRONT|20|400|NSGAII/results/AGRICULTURAL_NSGAII_131225_0431386707691385528281322_5_Front
61.3109243697479,45.11957505597633,outputExpAgricultural_Model/exp8/agricultural|Random|25|-|-|-|-|-|FRONT|20|400|NSGAII/results/AGRICULTURAL_NSGAII_131225_0431386707691385528281322_5_Front
79.96638655462185,33.01176694773946,outputExpAgricultural_Model/exp8/agricultural|Random|25|-|-|-|-|-|FRONT|20|400|NSGAII/results/AGRICULTURAL_NSGAII_131225_0431386707691385528281322_5_Front
78.45378151260506,34.83183269020055,outputExpAgricultural_Model/exp8/agricultural|Random|25|-|-|-|-|-|FRONT|20|400|NSGAII/results/AGRICULTURAL_NSGAII_131225_0431386707691385528281322_5_Front
50.4873949579832,58.680386832452,outputExpAgricultural_Model/exp8/agricultural|Random|25|-|-|-|-|-|FRONT|20|400|NSGAII/results/AGRICULTURAL_NSGAII_131225_0431386707691385528281322_5_Front
17.00840336134453,82.22833595350386,outputExpAgricultural_Model/exp8/agricultural|Random|25|-|-|-|-|-|FRONT|20|400|NSGAII/results/AGRICULTURAL_NSGAII_131225_0431386707691385528281322_5_Front
17.680672268907557,81.62379114858751,outputExpAgricultural_Model/exp8/agricultural|Random|25|-|-|-|-|-|FRONT|20|400|NSGAII/results/AGRICULTURAL_NSGAII_131225_0537434997878609088627422_6_Front
61.3109243697479,45.11957505597633,outputExpAgricultural_Model/exp8/agricultural|Random|25|-|-|-|-|-|FRONT|20|400|NSGAII/results/AGRICULTURAL_NSGAII_131225_0537434997878609088627422_6_Front
79.96638655462185,33.01176694773946,outputExpAgricultural_Model/exp8/agricultural|Random|25|-|-|-|-|-|FRONT|20|400|NSGAII/results/AGRICULTURAL_NSGAII_131225_0537434997878609088627422_6_Front
78.45378151260506,34.83183269020055,outputExpAgricultural_Model/exp8/agricultural|Random|25|-|-|-|-|-|FRONT|20|400|NSGAII/results/AGRICULTURAL_NSGAII_131225_0537434997878609088627422_6_Front
50.4873949579832,58.680386832452,outputExpAgricultural_Model/exp8/agricultural|Random|25|-|-|-|-|-|FRONT|20|400|NSGAII/results/AGRICULTURAL_NSGAII_131225_0537434997878609088627422_6_Front
17.00840336134453,82.22833595350386,outputExpAgricultural_Model/exp8/agricultural|Random|25|-|-|-|-|-|FRONT|20|400|NSGAII/results/AGRICULTURAL_NSGAII_131225_0537434997878609088627422_6_Front
66.4873949579832,39.78824258015341,outputExpAgricultural_Model/exp8/agricultural|Random|25|-|-|-|-|-|FRONT|20|400|NSGAII/results/AGRICULTURAL_NSGAII_131225_05393611397326459315092260_7_Front
32.974789915966376,74.20870849411654,outputExpAgricultural_Model/exp8/agricultural|Random|25|-|-|-|-|-|FRONT|20|400|NSGAII/results/AGRICULTURAL_NSGAII_131225_05393611397326459315092260_7_Front
17.680672268907557,81.62379114858751,outputExpAgricultural_Model/exp8/agricultural|Random|25|-|-|-|-|-|FRONT|20|400|NSGAII/results/AGRICULTURAL_NSGAII_131225_05393611397326459315092260_7_Front
78.45378151260506,34.83183269020055,outputExpAgricultural_Model/exp8/agricultural|Random|25|-|-|-|-|-|FRONT|20|400|NSGAII/results/AGRICULTURAL_NSGAII_131225_05393611397326459315092260_7_Front
50.4873949579832,58.680386832452,outputExpAgricultural_Model/exp8/agricultural|Random|25|-|-|-|-|-|FRONT|20|400|NSGAII/results/AGRICULTURAL_NSGAII_131225_05393611397326459315092260_7_Front
79.96638655462185,33.01176694773946,outputExpAgricultural_Model/exp8/agricultural|Random|25|-|-|-|-|-|FRONT|20|400|NSGAII/results/AGRICULTURAL_NSGAII_131225_05393611397326459315092260_7_Front
5.176470588235284,95.18055357057786,outputExpAgricultural_Model/exp8/agricultural|Random|25|-|-|-|-|-|FRONT|20|400|NSGAII/results/AGRICULTURAL_NSGAII_131225_05393611397326459315092260_7_Front
32.974789915966376,74.20870849411654,outputExpAgricultural_Model/exp8/agricultural|Random|25|-|-|-|-|-|FRONT|20|400|NSGAII/results/AGRICULTURAL_NSGAII_131225_05420412621072496294232674_8_Front
17.680672268907557,81.62379114858751,outputExpAgricultural_Model/exp8/agricultural|Random|25|-|-|-|-|-|FRONT|20|400|NSGAII/results/AGRICULTURAL_NSGAII_131225_05420412621072496294232674_8_Front
78.45378151260506,34.83183269020055,outputExpAgricultural_Model/exp8/agricultural|Random|25|-|-|-|-|-|FRONT|20|400|NSGAII/results/AGRICULTURAL_NSGAII_131225_05420412621072496294232674_8_Front
79.96638655462185,33.01176694773946,outputExpAgricultural_Model/exp8/agricultural|Random|25|-|-|-|-|-|FRONT|20|400|NSGAII/results/AGRICULTURAL_NSGAII_131225_05420412621072496294232674_8_Front
66.4873949579832,39.78824258015341,outputExpAgricultural_Model/exp8/agricultural|Random|25|-|-|-|-|-|FRONT|20|400|NSGAII/results/AGRICULTURAL_NSGAII_131225_05420412621072496294232674_8_Front
5.176470588235284,95.18055357057786,outputExpAgricultural_Model/exp8/agricultural|Random|25|-|-|-|-|-|FRONT|20|400|NSGAII/results/AGRICULTURAL_NSGAII_131225_05420412621072496294232674_8_Front
19.5294117647059,79.53670620742221,outputExpAgricultural_Model/exp8/agricultural|Random|25|-|-|-|-|-|FRONT|20|400|NSGAII/results/AGRICULTURAL_NSGAII_131225_05422815163860311662595815_9_Front
78.45378151260506,34.83183269020055,outputExpAgricultural_Model/exp8/agricultural|Random|25|-|-|-|-|-|FRONT|20|400|NSGAII/results/AGRICULTURAL_NSGAII_131225_05422815163860311662595815_9_Front
79.96638655462185,33.01176694773946,outputExpAgricultural_Model/exp8/agricultural|Random|25|-|-|-|-|-|FRONT|20|400|NSGAII/results/AGRICULTURAL_NSGAII_131225_05422815163860311662595815_9_Front
32.974789915966376,74.20870849411654,outputExpAgricultural_Model/exp8/agricultural|Random|25|-|-|-|-|-|FRONT|20|400|NSGAII/results/AGRICULTURAL_NSGAII_131225_05422815163860311662595815_9_Front
66.4873949579832,39.78824258015341,outputExpAgricultural_Model/exp8/agricultural|Random|25|-|-|-|-|-|FRONT|20|400|NSGAII/results/AGRICULTURAL_NSGAII_131225_05422815163860311662595815_9_Front
64.87394957983192,41.6483254728217,outputExpAgricultural_Model/exp8/agricultural|Random|25|-|-|-|-|-|FRONT|20|400|NSGAII/results/AGRICULTURAL_NSGAII_131225_05422815163860311662595815_9_Front
19.5294117647059,79.53670620742221,outputExpAgricultural_Model/exp8/agricultural|Random|25|-|-|-|-|-|FRONT|20|400|NSGAII/results/AGRICULTURAL_NSGAII_131225_05432710374227248922203334_10_Front
32.974789915966376,74.20870849411654,outputExpAgricultural_Model/exp8/agricultural|Random|25|-|-|-|-|-|FRONT|20|400|NSGAII/results/AGRICULTURAL_NSGAII_131225_05432710374227248922203334_10_Front
66.4873949579832,39.78824258015341,outputExpAgricultural_Model/exp8/agricultural|Random|25|-|-|-|-|-|FRONT|20|400|NSGAII/results/AGRICULTURAL_NSGAII_131225_05432710374227248922203334_10_Front
79.96638655462185,33.01176694773946,outputExpAgricultural_Model/exp8/agricultural|Random|25|-|-|-|-|-|FRONT|20|400|NSGAII/results/AGRICULTURAL_NSGAII_131225_05432710374227248922203334_10_Front
55.8655462184874,53.35834405221287,outputExpAgricultural_Model/exp8/agricultural|Random|25|-|-|-|-|-|FRONT|20|400|NSGAII/results/AGRICULTURAL_NSGAII_131225_05432710374227248922203334_10_Front
78.45378151260506,34.83183269020055,outputExpAgricultural_Model/exp8/agricultural|Random|25|-|-|-|-|-|FRONT|20|400|NSGAII/results/AGRICULTURAL_NSGAII_131225_05432710374227248922203334_10_Front
32.974789915966376,74.20870849411654,outputExpAgricultural_Model/exp8/agricultural|Random|25|-|-|-|-|-|FRONT|20|400|NSGAII/results/AGRICULTURAL_NSGAII_131225_0544452307986872206819686_11_Front
66.4873949579832,39.78824258015341,outputExpAgricultural_Model/exp8/agricultural|Random|25|-|-|-|-|-|FRONT|20|400|NSGAII/results/AGRICULTURAL_NSGAII_131225_0544452307986872206819686_11_Front
79.96638655462185,33.01176694773946,outputExpAgricultural_Model/exp8/agricultural|Random|25|-|-|-|-|-|FRONT|20|400|NSGAII/results/AGRICULTURAL_NSGAII_131225_0544452307986872206819686_11_Front
17.00840336134453,82.22833595350386,outputExpAgricultural_Model/exp8/agricultural|Random|25|-|-|-|-|-|FRONT|20|400|NSGAII/results/AGRICULTURAL_NSGAII_131225_0544452307986872206819686_11_Front
19.5294117647059,79.53670620742221,outputExpAgricultural_Model/exp8/agricultural|Random|25|-|-|-|-|-|FRONT|20|400|NSGAII/results/AGRICULTURAL_NSGAII_131225_0544452307986872206819686_11_Front
32.974789915966376,74.20870849411654,outputExpAgricultural_Model/exp8/agricultural|Random|25|-|-|-|-|-|FRONT|20|400|NSGAII/results/AGRICULTURAL_NSGAII_131225_0546182314713299993397180_12_Front
79.96638655462185,33.01176694773946,outputExpAgricultural_Model/exp8/agricultural|Random|25|-|-|-|-|-|FRONT|20|400|NSGAII/results/AGRICULTURAL_NSGAII_131225_0546182314713299993397180_12_Front
4.436974789915963,95.79891382020867,outputExpAgricultural_Model/exp8/agricultural|Random|25|-|-|-|-|-|FRONT|20|400|NSGAII/results/AGRICULTURAL_NSGAII_131225_0546182314713299993397180_12_Front
19.5294117647059,79.53670620742221,outputExpAgricultural_Model/exp8/agricultural|Random|25|-|-|-|-|-|FRONT|20|400|NSGAII/results/AGRICULTURAL_NSGAII_131225_0546182314713299993397180_12_Front
4.436974789915963,95.79891382020867,outputExpAgricultural_Model/exp8/agricultural|Random|25|-|-|-|-|-|FRONT|20|400|NSGAII/results/AGRICULTURAL_NSGAII_131225_0546323245645372518025931_13_Front
32.974789915966376,74.20870849411654,outputExpAgricultural_Model/exp8/agricultural|Random|25|-|-|-|-|-|FRONT|20|400|NSGAII/results/AGRICULTURAL_NSGAII_131225_0546323245645372518025931_13_Front
79.96638655462185,33.01176694773946,outputExpAgricultural_Model/exp8/agricultural|Random|25|-|-|-|-|-|FRONT|20|400|NSGAII/results/AGRICULTURAL_NSGAII_131225_0546323245645372518025931_13_Front
19.5294117647059,79.53670620742221,outputExpAgricultural_Model/exp8/agricultural|Random|25|-|-|-|-|-|FRONT|20|400|NSGAII/results/AGRICULTURAL_NSGAII_131225_0546323245645372518025931_13_Front
4.436974789915963,95.79891382020867,outputExpAgricultural_Model/exp8/agricultural|Random|25|-|-|-|-|-|FRONT|20|400|NSGAII/results/AGRICULTURAL_NSGAII_131225_05472613073194842162501051_14_Front
33.68067226890755,73.82949835643849,outputExpAgricultural_Model/exp8/agricultural|Random|25|-|-|-|-|-|FRONT|20|400|NSGAII/results/AGRICULTURAL_NSGAII_131225_05472613073194842162501051_14_Front
79.96638655462185,33.01176694773946,outputExpAgricultural_Model/exp8/agricultural|Random|25|-|-|-|-|-|FRONT|20|400|NSGAII/results/AGRICULTURAL_NSGAII_131225_05472613073194842162501051_14_Front
19.563025210084046,79.52694011719309,outputExpAgricultural_Model/exp8/agricultural|Random|25|-|-|-|-|-|FRONT|20|400|NSGAII/results/AGRICULTURAL_NSGAII_131225_05472613073194842162501051_14_Front
79.96638655462185,33.01176694773946,outputExpAgricultural_Model/exp8/agricultural|Random|25|-|-|-|-|-|FRONT|20|400|NSGAII/results/AGRICULTURAL_NSGAII_131225_05481712166044801016678674_15_Front
33.68067226890755,73.82949835643849,outputExpAgricultural_Model/exp8/agricultural|Random|25|-|-|-|-|-|FRONT|20|400|NSGAII/results/AGRICULTURAL_NSGAII_131225_05481712166044801016678674_15_Front
4.436974789915963,95.79891382020867,outputExpAgricultural_Model/exp8/agricultural|Random|25|-|-|-|-|-|FRONT|20|400|NSGAII/results/AGRICULTURAL_NSGAII_131225_05481712166044801016678674_15_Front
19.563025210084046,79.52694011719309,outputExpAgricultural_Model/exp8/agricultural|Random|25|-|-|-|-|-|FRONT|20|400|NSGAII/results/AGRICULTURAL_NSGAII_131225_05481712166044801016678674_15_Front
52.10084033613447,56.9284455242723,outputExpAgricultural_Model/exp8/agricultural|Random|25|-|-|-|-|-|FRONT|20|400|NSGAII/results/AGRICULTURAL_NSGAII_131225_05481712166044801016678674_15_Front
33.68067226890755,73.82949835643849,outputExpAgricultural_Model/exp8/agricultural|Random|25|-|-|-|-|-|FRONT|20|400|NSGAII/results/AGRICULTURAL_NSGAII_131225_0548381020047673203291720_16_Front
79.96638655462185,33.01176694773946,outputExpAgricultural_Model/exp8/agricultural|Random|25|-|-|-|-|-|FRONT|20|400|NSGAII/results/AGRICULTURAL_NSGAII_131225_0548381020047673203291720_16_Front
19.563025210084046,79.52694011719309,outputExpAgricultural_Model/exp8/agricultural|Random|25|-|-|-|-|-|FRONT|20|400|NSGAII/results/AGRICULTURAL_NSGAII_131225_0548381020047673203291720_16_Front
52.10084033613447,56.9284455242723,outputExpAgricultural_Model/exp8/agricultural|Random|25|-|-|-|-|-|FRONT|20|400|NSGAII/results/AGRICULTURAL_NSGAII_131225_0548381020047673203291720_16_Front
79.96638655462185,33.01176694773946,outputExpAgricultural_Model/exp8/agricultural|Random|25|-|-|-|-|-|FRONT|20|400|NSGAII/results/AGRICULTURAL_NSGAII_131225_05491716838533061354528041_17_Front
33.68067226890755,73.82949835643849,outputExpAgricultural_Model/exp8/agricultural|Random|25|-|-|-|-|-|FRONT|20|400|NSGAII/results/AGRICULTURAL_NSGAII_131225_05491716838533061354528041_17_Front
19.563025210084046,79.52694011719309,outputExpAgricultural_Model/exp8/agricultural|Random|25|-|-|-|-|-|FRONT|20|400|NSGAII/results/AGRICULTURAL_NSGAII_131225_05491716838533061354528041_17_Front
35.462184873949596,71.77599923776853,outputExpAgricultural_Model/exp8/agricultural|Random|25|-|-|-|-|-|FRONT|20|400|NSGAII/results/AGRICULTURAL_NSGAII_131225_0549565226258159313653074_18_Front
79.96638655462185,33.01176694773946,outputExpAgricultural_Model/exp8/agricultural|Random|25|-|-|-|-|-|FRONT|20|400|NSGAII/results/AGRICULTURAL_NSGAII_131225_0549565226258159313653074_18_Front
19.563025210084046,79.52694011719309,outputExpAgricultural_Model/exp8/agricultural|Random|25|-|-|-|-|-|FRONT|20|400|NSGAII/results/AGRICULTURAL_NSGAII_131225_0549565226258159313653074_18_Front
33.68067226890755,73.82949835643849,outputExpAgricultural_Model/exp8/agricultural|Random|25|-|-|-|-|-|FRONT|20|400|NSGAII/results/AGRICULTURAL_NSGAII_131225_0549565226258159313653074_18_Front
52.168067226890756,56.81625458529845,outputExpAgricultural_Model/exp8/agricultural|Random|25|-|-|-|-|-|FRONT|20|400|NSGAII/results/AGRICULTURAL_NSGAII_131225_0549565226258159313653074_18_Front
35.462184873949596,71.77599923776853,outputExpAgricultural_Model/exp8/agricultural|Random|25|-|-|-|-|-|FRONT|20|400|NSGAII/results/AGRICULTURAL_NSGAII_131225_0550161215813596952514891_19_Front
19.563025210084046,79.52694011719309,outputExpAgricultural_Model/exp8/agricultural|Random|25|-|-|-|-|-|FRONT|20|400|NSGAII/results/AGRICULTURAL_NSGAII_131225_0550161215813596952514891_19_Front
79.9327731092437,33.02153303796866,outputExpAgricultural_Model/exp8/agricultural|Random|25|-|-|-|-|-|FRONT|20|400|NSGAII/results/AGRICULTURAL_NSGAII_131225_0550161215813596952514891_19_Front
35.49579831932774,71.7662331475394,outputExpAgricultural_Model/exp8/agricultural|Random|25|-|-|-|-|-|FRONT|20|400|NSGAII/results/AGRICULTURAL_NSGAII_131225_05504817297741319203750677_20_Front
35.462184873949596,71.77599923776853,outputExpAgricultural_Model/exp8/agricultural|Random|25|-|-|-|-|-|FRONT|20|400|NSGAII/results/AGRICULTURAL_NSGAII_131225_05504817297741319203750677_20_Front
19.563025210084046,79.52694011719309,outputExpAgricultural_Model/exp8/agricultural|Random|25|-|-|-|-|-|FRONT|20|400|NSGAII/results/AGRICULTURAL_NSGAII_131225_05504817297741319203750677_20_Front
14.722689075630235,84.18441236720498,outputExpAgricultural_Model/exp8/agricultural|Random|25|-|-|-|-|-|FRONT|20|400|NSGAII/results/AGRICULTURAL_NSGAII_131225_05504817297741319203750677_20_Front
12.840336134453786,86.2841217664713,outputExpAgricultural_Model/exp8/agricultural|KMeans|25|1000|Euclidean|-|-|-|FRONT|20|400|NSGAII/results/AGRICULTURAL_NSGAII_131225_07074313932154630956794495_3_Front
34.31932773109243,73.24353294268973,outputExpAgricultural_Model/exp8/agricultural|KMeans|25|1000|Euclidean|-|-|-|FRONT|20|400|NSGAII/results/AGRICULTURAL_NSGAII_131225_07074313932154630956794495_3_Front
10.722689075630267,90.73817350292978,outputExpAgricultural_Model/exp8/agricultural|KMeans|25|1000|Euclidean|-|-|-|FRONT|20|400|NSGAII/results/AGRICULTURAL_NSGAII_131225_07074313932154630956794495_3_Front
32.16806722689076,75.14625315611451,outputExpAgricultural_Model/exp8/agricultural|KMeans|25|1000|Euclidean|-|-|-|FRONT|20|400|NSGAII/results/AGRICULTURAL_NSGAII_131225_07074313932154630956794495_3_Front
53.915966386554615,55.348006288409316,outputExpAgricultural_Model/exp8/agricultural|KMeans|25|1000|Euclidean|-|-|-|FRONT|20|400|NSGAII/results/AGRICULTURAL_NSGAII_131225_070836854800705084204358_4_Front
34.31932773109243,73.24353294268973,outputExpAgricultural_Model/exp8/agricultural|KMeans|25|1000|Euclidean|-|-|-|FRONT|20|400|NSGAII/results/AGRICULTURAL_NSGAII_131225_070836854800705084204358_4_Front
12.840336134453786,86.2841217664713,outputExpAgricultural_Model/exp8/agricultural|KMeans|25|1000|Euclidean|-|-|-|FRONT|20|400|NSGAII/results/AGRICULTURAL_NSGAII_131225_070836854800705084204358_4_Front
32.16806722689076,75.14625315611451,outputExpAgricultural_Model/exp8/agricultural|KMeans|25|1000|Euclidean|-|-|-|FRONT|20|400|NSGAII/results/AGRICULTURAL_NSGAII_131225_070836854800705084204358_4_Front
10.722689075630267,90.73817350292978,outputExpAgricultural_Model/exp8/agricultural|KMeans|25|1000|Euclidean|-|-|-|FRONT|20|400|NSGAII/results/AGRICULTURAL_NSGAII_131225_070836854800705084204358_4_Front
62.95798319327732,43.216616645228925,outputExpAgricultural_Model/exp8/agricultural|KMeans|25|1000|Euclidean|-|-|-|FRONT|20|400|NSGAII/results/AGRICULTURAL_NSGAII_131225_0709282815752612148903054_5_Front
18.42016806722688,81.22647801438708,outputExpAgricultural_Model/exp8/agricultural|KMeans|25|1000|Euclidean|-|-|-|FRONT|20|400|NSGAII/results/AGRICULTURAL_NSGAII_131225_0709282815752612148903054_5_Front
53.915966386554615,55.348006288409316,outputExpAgricultural_Model/exp8/agricultural|KMeans|25|1000|Euclidean|-|-|-|FRONT|20|400|NSGAII/results/AGRICULTURAL_NSGAII_131225_0709282815752612148903054_5_Front
12.840336134453786,86.2841217664713,outputExpAgricultural_Model/exp8/agricultural|KMeans|25|1000|Euclidean|-|-|-|FRONT|20|400|NSGAII/results/AGRICULTURAL_NSGAII_131225_0709282815752612148903054_5_Front
34.31932773109243,73.24353294268973,outputExpAgricultural_Model/exp8/agricultural|KMeans|25|1000|Euclidean|-|-|-|FRONT|20|400|NSGAII/results/AGRICULTURAL_NSGAII_131225_0709282815752612148903054_5_Front
10.722689075630267,90.73817350292978,outputExpAgricultural_Model/exp8/agricultural|KMeans|25|1000|Euclidean|-|-|-|FRONT|20|400|NSGAII/results/AGRICULTURAL_NSGAII_131225_0709282815752612148903054_5_Front
62.95798319327732,43.216616645228925,outputExpAgricultural_Model/exp8/agricultural|KMeans|25|1000|Euclidean|-|-|-|FRONT|20|400|NSGAII/results/AGRICULTURAL_NSGAII_131225_0902521133128032227833608_6_Front
18.42016806722688,81.22647801438708,outputExpAgricultural_Model/exp8/agricultural|KMeans|25|1000|Euclidean|-|-|-|FRONT|20|400|NSGAII/results/AGRICULTURAL_NSGAII_131225_0902521133128032227833608_6_Front
10.722689075630267,90.73817350292978,outputExpAgricultural_Model/exp8/agricultural|KMeans|25|1000|Euclidean|-|-|-|FRONT|20|400|NSGAII/results/AGRICULTURAL_NSGAII_131225_0902521133128032227833608_6_Front
53.915966386554615,55.348006288409316,outputExpAgricultural_Model/exp8/agricultural|KMeans|25|1000|Euclidean|-|-|-|FRONT|20|400|NSGAII/results/AGRICULTURAL_NSGAII_131225_0902521133128032227833608_6_Front
12.840336134453786,86.2841217664713,outputExpAgricultural_Model/exp8/agricultural|KMeans|25|1000|Euclidean|-|-|-|FRONT|20|400|NSGAII/results/AGRICULTURAL_NSGAII_131225_0902521133128032227833608_6_Front
69.24369747899158,38.50221523510073,outputExpAgricultural_Model/exp8/agricultural|KMeans|25|1000|Euclidean|-|-|-|FRONT|20|400|NSGAII/results/AGRICULTURAL_NSGAII_131225_09531017052506108019355055_7_Front
62.95798319327732,43.216616645228925,outputExpAgricultural_Model/exp8/agricultural|KMeans|25|1000|Euclidean|-|-|-|FRONT|20|400|NSGAII/results/AGRICULTURAL_NSGAII_131225_09531017052506108019355055_7_Front
18.42016806722688,81.22647801438708,outputExpAgricultural_Model/exp8/agricultural|KMeans|25|1000|Euclidean|-|-|-|FRONT|20|400|NSGAII/results/AGRICULTURAL_NSGAII_131225_09531017052506108019355055_7_Front
12.840336134453786,86.2841217664713,outputExpAgricultural_Model/exp8/agricultural|KMeans|25|1000|Euclidean|-|-|-|FRONT|20|400|NSGAII/results/AGRICULTURAL_NSGAII_131225_09531017052506108019355055_7_Front
53.915966386554615,55.348006288409316,outputExpAgricultural_Model/exp8/agricultural|KMeans|25|1000|Euclidean|-|-|-|FRONT|20|400|NSGAII/results/AGRICULTURAL_NSGAII_131225_09531017052506108019355055_7_Front
11.529411764705882,90.33466723834022,outputExpAgricultural_Model/exp8/agricultural|KMeans|25|1000|Euclidean|-|-|-|FRONT|20|400|NSGAII/results/AGRICULTURAL_NSGAII_131225_09531017052506108019355055_7_Front
69.24369747899158,38.50221523510073,outputExpAgricultural_Model/exp8/agricultural|KMeans|25|1000|Euclidean|-|-|-|FRONT|20|400|NSGAII/results/AGRICULTURAL_NSGAII_131225_09535714933609860438330526_8_Front
62.95798319327732,43.216616645228925,outputExpAgricultural_Model/exp8/agricultural|KMeans|25|1000|Euclidean|-|-|-|FRONT|20|400|NSGAII/results/AGRICULTURAL_NSGAII_131225_09535714933609860438330526_8_Front
2.0840336134453725,97.80977561812205,outputExpAgricultural_Model/exp8/agricultural|KMeans|25|1000|Euclidean|-|-|-|FRONT|20|400|NSGAII/results/AGRICULTURAL_NSGAII_131225_09535714933609860438330526_8_Front
34.31932773109243,73.24353294268973,outputExpAgricultural_Model/exp8/agricultural|KMeans|25|1000|Euclidean|-|-|-|FRONT|20|400|NSGAII/results/AGRICULTURAL_NSGAII_131225_09535714933609860438330526_8_Front
11.529411764705882,90.33466723834022,outputExpAgricultural_Model/exp8/agricultural|KMeans|25|1000|Euclidean|-|-|-|FRONT|20|400|NSGAII/results/AGRICULTURAL_NSGAII_131225_09535714933609860438330526_8_Front
12.840336134453786,86.2841217664713,outputExpAgricultural_Model/exp8/agricultural|KMeans|25|1000|Euclidean|-|-|-|FRONT|20|400|NSGAII/results/AGRICULTURAL_NSGAII_131225_09535714933609860438330526_8_Front
69.24369747899158,38.50221523510073,outputExpAgricultural_Model/exp8/agricultural|KMeans|25|1000|Euclidean|-|-|-|FRONT|20|400|NSGAII/results/AGRICULTURAL_NSGAII_131225_0956455020673141188093248_9_Front
62.95798319327732,43.216616645228925,outputExpAgricultural_Model/exp8/agricultural|KMeans|25|1000|Euclidean|-|-|-|FRONT|20|400|NSGAII/results/AGRICULTURAL_NSGAII_131225_0956455020673141188093248_9_Front
69.00840336134455,38.65108856176454,outputExpAgricultural_Model/exp8/agricultural|KMeans|25|1000|Euclidean|-|-|-|FRONT|20|400|NSGAII/results/AGRICULTURAL_NSGAII_131225_0958476618096943742372680_11_Front
82.99159663865548,31.546377018722293,outputExpAgricultural_Model/exp8/agricultural|KMeans|25|1000|Euclidean|-|-|-|FRONT|20|400|NSGAII/results/AGRICULTURAL_NSGAII_131225_10001015264058196623161492_12_Front
69.00840336134455,38.65108856176454,outputExpAgricultural_Model/exp8/agricultural|KMeans|25|1000|Euclidean|-|-|-|FRONT|20|400|NSGAII/results/AGRICULTURAL_NSGAII_131225_10001015264058196623161492_12_Front
0.13445378151259024,99.84016959649371,outputExpAgricultural_Model/exp8/agricultural|KMeans|25|1000|Euclidean|-|-|-|FRONT|20|400|NSGAII/results/AGRICULTURAL_NSGAII_131225_10001015264058196623161492_12_Front
82.99159663865548,31.546377018722293,outputExpAgricultural_Model/exp8/agricultural|KMeans|25|1000|Euclidean|-|-|-|FRONT|20|400|NSGAII/results/AGRICULTURAL_NSGAII_131225_1000508311599680422322827_13_Front
69.24369747899158,38.50221523510073,outputExpAgricultural_Model/exp8/agricultural|KMeans|25|1000|Euclidean|-|-|-|FRONT|20|400|NSGAII/results/AGRICULTURAL_NSGAII_131225_1000508311599680422322827_13_Front
82.99159663865548,31.546377018722293,outputExpAgricultural_Model/exp8/agricultural|KMeans|25|1000|Euclidean|-|-|-|FRONT|20|400|NSGAII/results/AGRICULTURAL_NSGAII_131225_1001134750207985418983324_14_Front
69.24369747899158,38.50221523510073,outputExpAgricultural_Model/exp8/agricultural|KMeans|25|1000|Euclidean|-|-|-|FRONT|20|400|NSGAII/results/AGRICULTURAL_NSGAII_131225_1001134750207985418983324_14_Front
82.99159663865548,31.546377018722293,outputExpAgricultural_Model/exp8/agricultural|KMeans|25|1000|Euclidean|-|-|-|FRONT|20|400|NSGAII/results/AGRICULTURAL_NSGAII_131225_1001388281056531901490510_15_Front
69.24369747899158,38.50221523510073,outputExpAgricultural_Model/exp8/agricultural|KMeans|25|1000|Euclidean|-|-|-|FRONT|20|400|NSGAII/results/AGRICULTURAL_NSGAII_131225_1001388281056531901490510_15_Front
69.24369747899158,38.50221523510073,outputExpAgricultural_Model/exp8/agricultural|KMeans|25|1000|Euclidean|-|-|-|FRONT|20|400|NSGAII/results/AGRICULTURAL_NSGAII_131225_1002563635492353511324052_16_Front
69.24369747899158,38.50221523510073,outputExpAgricultural_Model/exp8/agricultural|KMeans|25|1000|Euclidean|-|-|-|FRONT|20|400|NSGAII/results/AGRICULTURAL_NSGAII_131225_1003426724271830022117259_17_Front
66.45378151260503,39.79729407841453,outputExpAgricultural_Model/exp8/agricultural|KMeans|25|1000|Euclidean|-|-|-|FRONT|20|400|NSGAII/results/AGRICULTURAL_NSGAII_131225_100535449368500020482295_18_Front
69.24369747899158,38.50221523510073,outputExpAgricultural_Model/exp8/agricultural|KMeans|25|1000|Euclidean|-|-|-|FRONT|20|400|NSGAII/results/AGRICULTURAL_NSGAII_131225_100535449368500020482295_18_Front
5.94957983193279,94.78490781763611,outputExpAgricultural_Model/exp8/agricultural|KMeans|25|1000|Euclidean|-|-|-|FRONT|20|400|NSGAII/results/AGRICULTURAL_NSGAII_131225_1006284781605645677247619_19_Front
69.24369747899158,38.50221523510073,outputExpAgricultural_Model/exp8/agricultural|KMeans|25|1000|Euclidean|-|-|-|FRONT|20|400|NSGAII/results/AGRICULTURAL_NSGAII_131225_1006284781605645677247619_19_Front
69.24369747899158,38.50221523510073,outputExpAgricultural_Model/exp8/agricultural|KMeans|25|1000|Euclidean|-|-|-|FRONT|20|400|NSGAII/results/AGRICULTURAL_NSGAII_131225_1007396206934232109604534_20_Front
5.94957983193279,94.78490781763611,outputExpAgricultural_Model/exp8/agricultural|KMeans|25|1000|Euclidean|-|-|-|FRONT|20|400|NSGAII/results/AGRICULTURAL_NSGAII_131225_1007396206934232109604534_20_Front
1.1092436974789814,98.77280739364491,outputExpAgricultural_Model/exp8/agricultural|FuzzyKMeans|25|1000|Euclidean|1.05|-|-|FRONT|20|400|NSGAII/results/AGRICULTURAL_NSGAII_131225_11133511522122888127194676_2_Front
1.1092436974789814,98.77280739364491,outputExpAgricultural_Model/exp8/agricultural|FuzzyKMeans|25|1000|Euclidean|1.05|-|-|FRONT|20|400|NSGAII/results/AGRICULTURAL_NSGAII_131225_11141117484797191134772854_3_Front
60.43697478991595,49.20656471821253,outputExpAgricultural_Model/exp8/agricultural|FuzzyKMeans|25|1000|Euclidean|1.05|-|-|FRONT|20|400|NSGAII/results/AGRICULTURAL_NSGAII_131225_1115073965833373712936569_4_Front
60.43697478991595,49.20656471821253,outputExpAgricultural_Model/exp8/agricultural|FuzzyKMeans|25|1000|Euclidean|1.05|-|-|FRONT|20|400|NSGAII/results/AGRICULTURAL_NSGAII_131225_11152717307787760126652256_5_Front
78.42016806722688,34.84159878042968,outputExpAgricultural_Model/exp8/agricultural|FuzzyKMeans|25|1000|Euclidean|1.05|-|-|FRONT|20|400|NSGAII/results/AGRICULTURAL_NSGAII_131225_11152717307787760126652256_5_Front
78.42016806722688,34.84159878042968,outputExpAgricultural_Model/exp8/agricultural|FuzzyKMeans|25|1000|Euclidean|1.05|-|-|FRONT|20|400|NSGAII/results/AGRICULTURAL_NSGAII_131225_11505913000047683002535255_6_Front
60.43697478991595,49.20656471821253,outputExpAgricultural_Model/exp8/agricultural|FuzzyKMeans|25|1000|Euclidean|1.05|-|-|FRONT|20|400|NSGAII/results/AGRICULTURAL_NSGAII_131225_11505913000047683002535255_6_Front
3.1260504201680592,96.53661092849315,outputExpAgricultural_Model/exp8/agricultural|FuzzyKMeans|25|1000|Euclidean|1.05|-|-|FRONT|20|400|NSGAII/results/AGRICULTURAL_NSGAII_131225_1152314705673074906846491_7_Front
78.42016806722688,34.84159878042968,outputExpAgricultural_Model/exp8/agricultural|FuzzyKMeans|25|1000|Euclidean|1.05|-|-|FRONT|20|400|NSGAII/results/AGRICULTURAL_NSGAII_131225_1152314705673074906846491_7_Front
60.43697478991595,49.20656471821253,outputExpAgricultural_Model/exp8/agricultural|FuzzyKMeans|25|1000|Euclidean|1.05|-|-|FRONT|20|400|NSGAII/results/AGRICULTURAL_NSGAII_131225_1152314705673074906846491_7_Front
55.09243697478994,54.576961554952106,outputExpAgricultural_Model/exp8/agricultural|FuzzyKMeans|25|1000|Euclidean|1.05|-|-|FRONT|20|400|NSGAII/results/AGRICULTURAL_NSGAII_131225_1152314705673074906846491_7_Front
3.1260504201680592,96.53661092849315,outputExpAgricultural_Model/exp8/agricultural|FuzzyKMeans|25|1000|Euclidean|1.05|-|-|FRONT|20|400|NSGAII/results/AGRICULTURAL_NSGAII_131225_12081416478798794314155998_8_Front
78.42016806722688,34.84159878042968,outputExpAgricultural_Model/exp8/agricultural|FuzzyKMeans|25|1000|Euclidean|1.05|-|-|FRONT|20|400|NSGAII/results/AGRICULTURAL_NSGAII_131225_12081416478798794314155998_8_Front
9.848739495798316,91.63665380401125,outputExpAgricultural_Model/exp8/agricultural|FuzzyKMeans|25|1000|Euclidean|1.05|-|-|FRONT|20|400|NSGAII/results/AGRICULTURAL_NSGAII_131225_1208392603035874491440899_9_Front
3.1260504201680592,96.53661092849315,outputExpAgricultural_Model/exp8/agricultural|FuzzyKMeans|25|1000|Euclidean|1.05|-|-|FRONT|20|400|NSGAII/results/AGRICULTURAL_NSGAII_131225_1208392603035874491440899_9_Front
78.42016806722688,34.84159878042968,outputExpAgricultural_Model/exp8/agricultural|FuzzyKMeans|25|1000|Euclidean|1.05|-|-|FRONT|20|400|NSGAII/results/AGRICULTURAL_NSGAII_131225_1208392603035874491440899_9_Front
3.1260504201680592,96.53661092849315,outputExpAgricultural_Model/exp8/agricultural|FuzzyKMeans|25|1000|Euclidean|1.05|-|-|FRONT|20|400|NSGAII/results/AGRICULTURAL_NSGAII_131225_1209448525228181890842668_10_Front
78.42016806722688,34.84159878042968,outputExpAgricultural_Model/exp8/agricultural|FuzzyKMeans|25|1000|Euclidean|1.05|-|-|FRONT|20|400|NSGAII/results/AGRICULTURAL_NSGAII_131225_1209448525228181890842668_10_Front
9.848739495798316,91.63665380401125,outputExpAgricultural_Model/exp8/agricultural|FuzzyKMeans|25|1000|Euclidean|1.05|-|-|FRONT|20|400|NSGAII/results/AGRICULTURAL_NSGAII_131225_1209448525228181890842668_10_Front
50.45378151260505,58.7892430089086,outputExpAgricultural_Model/exp8/agricultural|FuzzyKMeans|25|1000|Euclidean|1.05|-|-|FRONT|20|400|NSGAII/results/AGRICULTURAL_NSGAII_131225_1209448525228181890842668_10_Front
3.1260504201680592,96.53661092849315,outputExpAgricultural_Model/exp8/agricultural|FuzzyKMeans|25|1000|Euclidean|1.05|-|-|FRONT|20|400|NSGAII/results/AGRICULTURAL_NSGAII_131225_12100416623063276446764797_11_Front
9.848739495798316,91.63665380401125,outputExpAgricultural_Model/exp8/agricultural|FuzzyKMeans|25|1000|Euclidean|1.05|-|-|FRONT|20|400|NSGAII/results/AGRICULTURAL_NSGAII_131225_12100416623063276446764797_11_Front
54.18487394957984,55.28964794435712,outputExpAgricultural_Model/exp8/agricultural|FuzzyKMeans|25|1000|Euclidean|1.05|-|-|FRONT|20|400|NSGAII/results/AGRICULTURAL_NSGAII_131225_12100416623063276446764797_11_Front
55.09243697478994,54.576961554952106,outputExpAgricultural_Model/exp8/agricultural|FuzzyKMeans|25|1000|Euclidean|1.05|-|-|FRONT|20|400|NSGAII/results/AGRICULTURAL_NSGAII_131225_12100416623063276446764797_11_Front
78.42016806722688,34.84159878042968,outputExpAgricultural_Model/exp8/agricultural|FuzzyKMeans|25|1000|Euclidean|1.05|-|-|FRONT|20|400|NSGAII/results/AGRICULTURAL_NSGAII_131225_12100416623063276446764797_11_Front
9.848739495798316,91.63665380401125,outputExpAgricultural_Model/exp8/agricultural|FuzzyKMeans|25|1000|Euclidean|1.05|-|-|FRONT|20|400|NSGAII/results/AGRICULTURAL_NSGAII_131225_1210389983443093418026192_12_Front
78.42016806722688,34.84159878042968,outputExpAgricultural_Model/exp8/agricultural|FuzzyKMeans|25|1000|Euclidean|1.05|-|-|FRONT|20|400|NSGAII/results/AGRICULTURAL_NSGAII_131225_1210389983443093418026192_12_Front
17.04201680672268,82.18950978990993,outputExpAgricultural_Model/exp8/agricultural|FuzzyKMeans|25|1000|Euclidean|1.05|-|-|FRONT|20|400|NSGAII/results/AGRICULTURAL_NSGAII_131225_1210389983443093418026192_12_Front
52.13445378151261,56.91915582868844,outputExpAgricultural_Model/exp8/agricultural|FuzzyKMeans|25|1000|Euclidean|1.05|-|-|FRONT|20|400|NSGAII/results/AGRICULTURAL_NSGAII_131225_1210389983443093418026192_12_Front
78.42016806722688,34.84159878042968,outputExpAgricultural_Model/exp8/agricultural|FuzzyKMeans|25|1000|Euclidean|1.05|-|-|FRONT|20|400|NSGAII/results/AGRICULTURAL_NSGAII_131225_1211559907929020123501488_13_Front
9.848739495798316,91.63665380401125,outputExpAgricultural_Model/exp8/agricultural|FuzzyKMeans|25|1000|Euclidean|1.05|-|-|FRONT|20|400|NSGAII/results/AGRICULTURAL_NSGAII_131225_1211559907929020123501488_13_Front
54.18487394957984,55.28964794435712,outputExpAgricultural_Model/exp8/agricultural|FuzzyKMeans|25|1000|Euclidean|1.05|-|-|FRONT|20|400|NSGAII/results/AGRICULTURAL_NSGAII_131225_1211559907929020123501488_13_Front
78.42016806722688,34.84159878042968,outputExpAgricultural_Model/exp8/agricultural|FuzzyKMeans|25|1000|Euclidean|1.05|-|-|FRONT|20|400|NSGAII/results/AGRICULTURAL_NSGAII_131225_1213341773396512478467889_14_Front
9.848739495798316,91.63665380401125,outputExpAgricultural_Model/exp8/agricultural|FuzzyKMeans|25|1000|Euclidean|1.05|-|-|FRONT|20|400|NSGAII/results/AGRICULTURAL_NSGAII_131225_1213341773396512478467889_14_Front
54.18487394957984,55.28964794435712,outputExpAgricultural_Model/exp8/agricultural|FuzzyKMeans|25|1000|Euclidean|1.05|-|-|FRONT|20|400|NSGAII/results/AGRICULTURAL_NSGAII_131225_1213341773396512478467889_14_Front
82.38655462184875,31.865085036444192,outputExpAgricultural_Model/exp8/agricultural|FuzzyKMeans|25|1000|Euclidean|1.05|-|-|FRONT|20|400|NSGAII/results/AGRICULTURAL_NSGAII_131225_121532962242650850298923_15_Front
9.848739495798316,91.63665380401125,outputExpAgricultural_Model/exp8/agricultural|FuzzyKMeans|25|1000|Euclidean|1.05|-|-|FRONT|20|400|NSGAII/results/AGRICULTURAL_NSGAII_131225_121532962242650850298923_15_Front
78.42016806722688,34.84159878042968,outputExpAgricultural_Model/exp8/agricultural|FuzzyKMeans|25|1000|Euclidean|1.05|-|-|FRONT|20|400|NSGAII/results/AGRICULTURAL_NSGAII_131225_121532962242650850298923_15_Front
54.18487394957984,55.28964794435712,outputExpAgricultural_Model/exp8/agricultural|FuzzyKMeans|25|1000|Euclidean|1.05|-|-|FRONT|20|400|NSGAII/results/AGRICULTURAL_NSGAII_131225_121532962242650850298923_15_Front
55.79831932773111,53.469820399218705,outputExpAgricultural_Model/exp8/agricultural|FuzzyKMeans|25|1000|Euclidean|1.05|-|-|FRONT|20|400|NSGAII/results/AGRICULTURAL_NSGAII_131225_121532962242650850298923_15_Front
82.38655462184875,31.865085036444192,outputExpAgricultural_Model/exp8/agricultural|FuzzyKMeans|25|1000|Euclidean|1.05|-|-|FRONT|20|400|NSGAII/results/AGRICULTURAL_NSGAII_131225_1216189974714865316730266_16_Front
9.848739495798316,91.63665380401125,outputExpAgricultural_Model/exp8/agricultural|FuzzyKMeans|25|1000|Euclidean|1.05|-|-|FRONT|20|400|NSGAII/results/AGRICULTURAL_NSGAII_131225_1216189974714865316730266_16_Front
78.42016806722688,34.84159878042968,outputExpAgricultural_Model/exp8/agricultural|FuzzyKMeans|25|1000|Euclidean|1.05|-|-|FRONT|20|400|NSGAII/results/AGRICULTURAL_NSGAII_131225_1216189974714865316730266_16_Front
82.38655462184875,31.865085036444192,outputExpAgricultural_Model/exp8/agricultural|FuzzyKMeans|25|1000|Euclidean|1.05|-|-|FRONT|20|400|NSGAII/results/AGRICULTURAL_NSGAII_131225_12172414414324427020665885_17_Front
78.42016806722688,34.84159878042968,outputExpAgricultural_Model/exp8/agricultural|FuzzyKMeans|25|1000|Euclidean|1.05|-|-|FRONT|20|400|NSGAII/results/AGRICULTURAL_NSGAII_131225_12172414414324427020665885_17_Front
9.848739495798316,91.63665380401125,outputExpAgricultural_Model/exp8/agricultural|FuzzyKMeans|25|1000|Euclidean|1.05|-|-|FRONT|20|400|NSGAII/results/AGRICULTURAL_NSGAII_131225_12172414414324427020665885_17_Front
0.0,99.98928112048019,outputExpAgricultural_Model/exp8/agricultural|FuzzyKMeans|25|1000|Euclidean|1.05|-|-|FRONT|20|400|NSGAII/results/AGRICULTURAL_NSGAII_131225_12182116546720723312294053_18_Front
82.38655462184875,31.865085036444192,outputExpAgricultural_Model/exp8/agricultural|FuzzyKMeans|25|1000|Euclidean|1.05|-|-|FRONT|20|400|NSGAII/results/AGRICULTURAL_NSGAII_131225_12182116546720723312294053_18_Front
9.882352941176464,91.62664951645945,outputExpAgricultural_Model/exp8/agricultural|FuzzyKMeans|25|1000|Euclidean|1.05|-|-|FRONT|20|400|NSGAII/results/AGRICULTURAL_NSGAII_131225_12182116546720723312294053_18_Front
0.0,99.98928112048019,outputExpAgricultural_Model/exp8/agricultural|FuzzyKMeans|25|1000|Euclidean|1.05|-|-|FRONT|20|400|NSGAII/results/AGRICULTURAL_NSGAII_131225_1218593780777116418119013_19_Front
82.38655462184875,31.865085036444192,outputExpAgricultural_Model/exp8/agricultural|FuzzyKMeans|25|1000|Euclidean|1.05|-|-|FRONT|20|400|NSGAII/results/AGRICULTURAL_NSGAII_131225_1218593780777116418119013_19_Front
9.882352941176464,91.62664951645945,outputExpAgricultural_Model/exp8/agricultural|FuzzyKMeans|25|1000|Euclidean|1.05|-|-|FRONT|20|400|NSGAII/results/AGRICULTURAL_NSGAII_131225_1218593780777116418119013_19_Front
62.92436974789918,43.2397217855271,outputExpAgricultural_Model/exp8/agricultural|FuzzyKMeans|25|1000|Euclidean|1.05|-|-|FRONT|20|400|NSGAII/results/AGRICULTURAL_NSGAII_131225_1218593780777116418119013_19_Front
0.0,99.98928112048019,outputExpAgricultural_Model/exp8/agricultural|FuzzyKMeans|25|1000|Euclidean|1.05|-|-|FRONT|20|400|NSGAII/results/AGRICULTURAL_NSGAII_131225_12203314107954361045762070_20_Front
82.38655462184875,31.865085036444192,outputExpAgricultural_Model/exp8/agricultural|FuzzyKMeans|25|1000|Euclidean|1.05|-|-|FRONT|20|400|NSGAII/results/AGRICULTURAL_NSGAII_131225_12203314107954361045762070_20_Front
62.92436974789918,43.2397217855271,outputExpAgricultural_Model/exp8/agricultural|FuzzyKMeans|25|1000|Euclidean|1.05|-|-|FRONT|20|400|NSGAII/results/AGRICULTURAL_NSGAII_131225_12203314107954361045762070_20_Front
18.957983193277315,80.07931970844648,outputExpAgricultural_Model/exp8/agricultural|FuzzyKMeans|25|1000|Euclidean|1.05|-|-|FRONT|20|400|NSGAII/results/AGRICULTURAL_NSGAII_131225_12203314107954361045762070_20_Front
9.882352941176464,91.62664951645945,outputExpAgricultural_Model/exp8/agricultural|FuzzyKMeans|25|1000|Euclidean|1.05|-|-|FRONT|20|400|NSGAII/results/AGRICULTURAL_NSGAII_131225_12203314107954361045762070_20_Front
9.781512605042023,91.68310228193035,outputExpAgricultural_Model/exp8/agricultural|FuzzyKMeans|25|1000|Euclidean|1.05|-|-|FRONT|20|400|NSGAII/results/AGRICULTURAL_NSGAII_131225_12203314107954361045762070_20_Front
84.13445378151259,17.354818731837447,outputExpAgricultural_Model/exp8/agricultural|DBSCAN|25|-|-|-|0.2|2|FRONT|20|400|NSGAII/results/AGRICULTURAL_NSGAII_131225_1250137511396330481668622_1_Front
53.07563025210086,55.41279596017339,outputExpAgricultural_Model/exp8/agricultural|DBSCAN|25|-|-|-|0.2|2|FRONT|20|400|NSGAII/results/AGRICULTURAL_NSGAII_131225_1250137511396330481668622_1_Front
0.06722689075629512,99.87994854937831,outputExpAgricultural_Model/exp8/agricultural|DBSCAN|25|-|-|-|0.2|2|FRONT|20|400|NSGAII/results/AGRICULTURAL_NSGAII_131225_12510915808692225303686314_2_Front
84.30252100840337,17.336953932637808,outputExpAgricultural_Model/exp8/agricultural|DBSCAN|25|-|-|-|0.2|2|FRONT|20|400|NSGAII/results/AGRICULTURAL_NSGAII_131225_12510915808692225303686314_2_Front
64.84033613445376,41.659044352341446,outputExpAgricultural_Model/exp8/agricultural|DBSCAN|25|-|-|-|0.2|2|FRONT|20|400|NSGAII/results/AGRICULTURAL_NSGAII_131225_12510915808692225303686314_2_Front
51.46218487394959,57.83812109951884,outputExpAgricultural_Model/exp8/agricultural|DBSCAN|25|-|-|-|0.2|2|FRONT|20|400|NSGAII/results/AGRICULTURAL_NSGAII_131225_12510915808692225303686314_2_Front
53.07563025210086,55.41279596017339,outputExpAgricultural_Model/exp8/agricultural|DBSCAN|25|-|-|-|0.2|2|FRONT|20|400|NSGAII/results/AGRICULTURAL_NSGAII_131225_12510915808692225303686314_2_Front
84.13445378151259,17.354818731837447,outputExpAgricultural_Model/exp8/agricultural|DBSCAN|25|-|-|-|0.2|2|FRONT|20|400|NSGAII/results/AGRICULTURAL_NSGAII_131225_12510915808692225303686314_2_Front
84.10084033613445,17.464151302939324,outputExpAgricultural_Model/exp8/agricultural|DBSCAN|25|-|-|-|0.2|2|FRONT|20|400|NSGAII/results/AGRICULTURAL_NSGAII_131225_12510915808692225303686314_2_Front
0.06722689075629512,99.87994854937831,outputExpAgricultural_Model/exp8/agricultural|DBSCAN|25|-|-|-|0.2|2|FRONT|20|400|NSGAII/results/AGRICULTURAL_NSGAII_131225_125217754557140799592895_3_Front
87.6638655462185,13.78995760087656,outputExpAgricultural_Model/exp8/agricultural|DBSCAN|25|-|-|-|0.2|2|FRONT|20|400|NSGAII/results/AGRICULTURAL_NSGAII_131225_125217754557140799592895_3_Front
64.84033613445376,41.659044352341446,outputExpAgricultural_Model/exp8/agricultural|DBSCAN|25|-|-|-|0.2|2|FRONT|20|400|NSGAII/results/AGRICULTURAL_NSGAII_131225_125217754557140799592895_3_Front
0.1680672268907378,99.83326187413655,outputExpAgricultural_Model/exp8/agricultural|DBSCAN|25|-|-|-|0.2|2|FRONT|20|400|NSGAII/results/AGRICULTURAL_NSGAII_131225_125217754557140799592895_3_Front
84.30252100840337,17.336953932637808,outputExpAgricultural_Model/exp8/agricultural|DBSCAN|25|-|-|-|0.2|2|FRONT|20|400|NSGAII/results/AGRICULTURAL_NSGAII_131225_125217754557140799592895_3_Front
51.46218487394959,57.83812109951884,outputExpAgricultural_Model/exp8/agricultural|DBSCAN|25|-|-|-|0.2|2|FRONT|20|400|NSGAII/results/AGRICULTURAL_NSGAII_131225_125217754557140799592895_3_Front
52.47058823529412,55.72173788766616,outputExpAgricultural_Model/exp8/agricultural|DBSCAN|25|-|-|-|0.2|2|FRONT|20|400|NSGAII/results/AGRICULTURAL_NSGAII_131225_125217754557140799592895_3_Front
50.72268907563027,58.63465294650084,outputExpAgricultural_Model/exp8/agricultural|DBSCAN|25|-|-|-|0.2|2|FRONT|20|400|NSGAII/results/AGRICULTURAL_NSGAII_131225_125217754557140799592895_3_Front
53.07563025210086,55.41279596017339,outputExpAgricultural_Model/exp8/agricultural|DBSCAN|25|-|-|-|0.2|2|FRONT|20|400|NSGAII/results/AGRICULTURAL_NSGAII_131225_125217754557140799592895_3_Front
87.6638655462185,13.78995760087656,outputExpAgricultural_Model/exp8/agricultural|DBSCAN|25|-|-|-|0.2|2|FRONT|20|400|NSGAII/results/AGRICULTURAL_NSGAII_131225_1253547754312381787581366_4_Front
64.84033613445376,41.659044352341446,outputExpAgricultural_Model/exp8/agricultural|DBSCAN|25|-|-|-|0.2|2|FRONT|20|400|NSGAII/results/AGRICULTURAL_NSGAII_131225_1253547754312381787581366_4_Front
84.40336134453781,16.852698775665743,outputExpAgricultural_Model/exp8/agricultural|DBSCAN|25|-|-|-|0.2|2|FRONT|20|400|NSGAII/results/AGRICULTURAL_NSGAII_131225_1253547754312381787581366_4_Front
0.1680672268907378,99.83326187413655,outputExpAgricultural_Model/exp8/agricultural|DBSCAN|25|-|-|-|0.2|2|FRONT|20|400|NSGAII/results/AGRICULTURAL_NSGAII_131225_1253547754312381787581366_4_Front
64.84033613445376,41.659044352341446,outputExpAgricultural_Model/exp8/agricultural|DBSCAN|25|-|-|-|0.2|2|FRONT|20|400|NSGAII/results/AGRICULTURAL_NSGAII_131225_1255226795519028042719509_5_Front
0.1680672268907378,99.83326187413655,outputExpAgricultural_Model/exp8/agricultural|DBSCAN|25|-|-|-|0.2|2|FRONT|20|400|NSGAII/results/AGRICULTURAL_NSGAII_131225_1255226795519028042719509_5_Front
16.974789915966383,82.2333380972798,outputExpAgricultural_Model/exp8/agricultural|DBSCAN|25|-|-|-|0.2|2|FRONT|20|400|NSGAII/results/AGRICULTURAL_NSGAII_131225_12564912308059475752152254_6_Front
54.25210084033614,55.180791767900516,outputExpAgricultural_Model/exp8/agricultural|DBSCAN|25|-|-|-|0.2|2|FRONT|20|400|NSGAII/results/AGRICULTURAL_NSGAII_131225_12564912308059475752152254_6_Front
16.974789915966383,82.2333380972798,outputExpAgricultural_Model/exp8/agricultural|DBSCAN|25|-|-|-|0.2|2|FRONT|20|400|NSGAII/results/AGRICULTURAL_NSGAII_131225_125757223472932579543_7_Front
56.13445378151262,52.250964699156796,outputExpAgricultural_Model/exp8/agricultural|DBSCAN|25|-|-|-|0.2|2|FRONT|20|400|NSGAII/results/AGRICULTURAL_NSGAII_131225_125757223472932579543_7_Front
50.4201680672269,58.79853270449239,outputExpAgricultural_Model/exp8/agricultural|DBSCAN|25|-|-|-|0.2|2|FRONT|20|400|NSGAII/results/AGRICULTURAL_NSGAII_131225_1259057612789544044745634_8_Front
85.81512605042016,14.42594445238434,outputExpAgricultural_Model/exp8/agricultural|DBSCAN|25|-|-|-|0.2|2|FRONT|20|400|NSGAII/results/AGRICULTURAL_NSGAII_131225_1259057612789544044745634_8_Front
16.974789915966383,82.2333380972798,outputExpAgricultural_Model/exp8/agricultural|DBSCAN|25|-|-|-|0.2|2|FRONT|20|400|NSGAII/results/AGRICULTURAL_NSGAII_131225_1259057612789544044745634_8_Front
56.13445378151262,52.250964699156796,outputExpAgricultural_Model/exp8/agricultural|DBSCAN|25|-|-|-|0.2|2|FRONT|20|400|NSGAII/results/AGRICULTURAL_NSGAII_131225_1259057612789544044745634_8_Front
28.94117647058822,78.19255871564002,outputExpAgricultural_Model/exp8/agricultural|DBSCAN|25|-|-|-|0.2|2|FRONT|20|400|NSGAII/results/AGRICULTURAL_NSGAII_131225_12593914050934349131047335_9_Front
16.974789915966383,82.2333380972798,outputExpAgricultural_Model/exp8/agricultural|DBSCAN|25|-|-|-|0.2|2|FRONT|20|400|NSGAII/results/AGRICULTURAL_NSGAII_131225_12593914050934349131047335_9_Front
50.4201680672269,58.79853270449239,outputExpAgricultural_Model/exp8/agricultural|DBSCAN|25|-|-|-|0.2|2|FRONT|20|400|NSGAII/results/AGRICULTURAL_NSGAII_131225_12593914050934349131047335_9_Front
85.81512605042016,14.42594445238434,outputExpAgricultural_Model/exp8/agricultural|DBSCAN|25|-|-|-|0.2|2|FRONT|20|400|NSGAII/results/AGRICULTURAL_NSGAII_131225_12593914050934349131047335_9_Front
56.13445378151262,52.250964699156796,outputExpAgricultural_Model/exp8/agricultural|DBSCAN|25|-|-|-|0.2|2|FRONT|20|400|NSGAII/results/AGRICULTURAL_NSGAII_131225_12593914050934349131047335_9_Front
28.94117647058822,78.19255871564002,outputExpAgricultural_Model/exp8/agricultural|DBSCAN|25|-|-|-|0.2|2|FRONT|20|400|NSGAII/results/AGRICULTURAL_NSGAII_131225_13001315644916091940130922_10_Front
50.4201680672269,58.79853270449239,outputExpAgricultural_Model/exp8/agricultural|DBSCAN|25|-|-|-|0.2|2|FRONT|20|400|NSGAII/results/AGRICULTURAL_NSGAII_131225_13001315644916091940130922_10_Front
16.974789915966383,82.2333380972798,outputExpAgricultural_Model/exp8/agricultural|DBSCAN|25|-|-|-|0.2|2|FRONT|20|400|NSGAII/results/AGRICULTURAL_NSGAII_131225_13001315644916091940130922_10_Front
61.34453781512605,45.08718022009429,outputExpAgricultural_Model/exp8/agricultural|DBSCAN|25|-|-|-|0.2|2|FRONT|20|400|NSGAII/results/AGRICULTURAL_NSGAII_131225_13001315644916091940130922_10_Front
85.81512605042016,14.42594445238434,outputExpAgricultural_Model/exp8/agricultural|DBSCAN|25|-|-|-|0.2|2|FRONT|20|400|NSGAII/results/AGRICULTURAL_NSGAII_131225_13001315644916091940130922_10_Front
56.13445378151262,52.250964699156796,outputExpAgricultural_Model/exp8/agricultural|DBSCAN|25|-|-|-|0.2|2|FRONT|20|400|NSGAII/results/AGRICULTURAL_NSGAII_131225_13001315644916091940130922_10_Front
16.974789915966383,82.2333380972798,outputExpAgricultural_Model/exp8/agricultural|DBSCAN|25|-|-|-|0.2|2|FRONT|20|400|NSGAII/results/AGRICULTURAL_NSGAII_131225_1301093089491710966758683_11_Front
50.4201680672269,58.79853270449239,outputExpAgricultural_Model/exp8/agricultural|DBSCAN|25|-|-|-|0.2|2|FRONT|20|400|NSGAII/results/AGRICULTURAL_NSGAII_131225_1301093089491710966758683_11_Front
85.81512605042016,14.42594445238434,outputExpAgricultural_Model/exp8/agricultural|DBSCAN|25|-|-|-|0.2|2|FRONT|20|400|NSGAII/results/AGRICULTURAL_NSGAII_131225_1301093089491710966758683_11_Front
61.34453781512605,45.08718022009429,outputExpAgricultural_Model/exp8/agricultural|DBSCAN|25|-|-|-|0.2|2|FRONT|20|400|NSGAII/results/AGRICULTURAL_NSGAII_131225_1301093089491710966758683_11_Front
28.94117647058822,78.19255871564002,outputExpAgricultural_Model/exp8/agricultural|DBSCAN|25|-|-|-|0.2|2|FRONT|20|400|NSGAII/results/AGRICULTURAL_NSGAII_131225_1301093089491710966758683_11_Front
56.13445378151262,52.250964699156796,outputExpAgricultural_Model/exp8/agricultural|DBSCAN|25|-|-|-|0.2|2|FRONT|20|400|NSGAII/results/AGRICULTURAL_NSGAII_131225_1301093089491710966758683_11_Front
6.722689075630258,92.81906531370586,outputExpAgricultural_Model/exp8/agricultural|DBSCAN|25|-|-|-|0.2|2|FRONT|20|400|NSGAII/results/AGRICULTURAL_NSGAII_131225_13015816367535546663112301_12_Front
50.4201680672269,58.79853270449239,outputExpAgricultural_Model/exp8/agricultural|DBSCAN|25|-|-|-|0.2|2|FRONT|20|400|NSGAII/results/AGRICULTURAL_NSGAII_131225_13015816367535546663112301_12_Front
28.94117647058822,78.19255871564002,outputExpAgricultural_Model/exp8/agricultural|DBSCAN|25|-|-|-|0.2|2|FRONT|20|400|NSGAII/results/AGRICULTURAL_NSGAII_131225_13015816367535546663112301_12_Front
16.974789915966383,82.2333380972798,outputExpAgricultural_Model/exp8/agricultural|DBSCAN|25|-|-|-|0.2|2|FRONT|20|400|NSGAII/results/AGRICULTURAL_NSGAII_131225_13015816367535546663112301_12_Front
85.81512605042016,14.42594445238434,outputExpAgricultural_Model/exp8/agricultural|DBSCAN|25|-|-|-|0.2|2|FRONT|20|400|NSGAII/results/AGRICULTURAL_NSGAII_131225_13015816367535546663112301_12_Front
61.34453781512605,45.08718022009429,outputExpAgricultural_Model/exp8/agricultural|DBSCAN|25|-|-|-|0.2|2|FRONT|20|400|NSGAII/results/AGRICULTURAL_NSGAII_131225_13015816367535546663112301_12_Front
50.4201680672269,58.79853270449239,outputExpAgricultural_Model/exp8/agricultural|DBSCAN|25|-|-|-|0.2|2|FRONT|20|400|NSGAII/results/AGRICULTURAL_NSGAII_131225_1302335123299195628421846_13_Front
6.722689075630258,92.81906531370586,outputExpAgricultural_Model/exp8/agricultural|DBSCAN|25|-|-|-|0.2|2|FRONT|20|400|NSGAII/results/AGRICULTURAL_NSGAII_131225_1302335123299195628421846_13_Front
12.873949579831933,86.26959172978897,outputExpAgricultural_Model/exp8/agricultural|DBSCAN|25|-|-|-|0.2|2|FRONT|20|400|NSGAII/results/AGRICULTURAL_NSGAII_131225_1302335123299195628421846_13_Front
28.94117647058822,78.19255871564002,outputExpAgricultural_Model/exp8/agricultural|DBSCAN|25|-|-|-|0.2|2|FRONT|20|400|NSGAII/results/AGRICULTURAL_NSGAII_131225_1302335123299195628421846_13_Front
85.81512605042016,14.42594445238434,outputExpAgricultural_Model/exp8/agricultural|DBSCAN|25|-|-|-|0.2|2|FRONT|20|400|NSGAII/results/AGRICULTURAL_NSGAII_131225_1302335123299195628421846_13_Front
16.974789915966383,82.2333380972798,outputExpAgricultural_Model/exp8/agricultural|DBSCAN|25|-|-|-|0.2|2|FRONT|20|400|NSGAII/results/AGRICULTURAL_NSGAII_131225_1302335123299195628421846_13_Front
93.68067226890756,3.791624982135216,outputExpAgricultural_Model/exp8/agricultural|DBSCAN|25|-|-|-|0.2|2|FRONT|20|400|NSGAII/results/AGRICULTURAL_NSGAII_131225_1303001672416303940859275_14_Front
50.4201680672269,58.79853270449239,outputExpAgricultural_Model/exp8/agricultural|DBSCAN|25|-|-|-|0.2|2|FRONT|20|400|NSGAII/results/AGRICULTURAL_NSGAII_131225_1303001672416303940859275_14_Front
52.403361344537835,55.76032585393741,outputExpAgricultural_Model/exp8/agricultural|DBSCAN|25|-|-|-|0.2|2|FRONT|20|400|NSGAII/results/AGRICULTURAL_NSGAII_131225_1303001672416303940859275_14_Front
64.9075630252101,41.61521604497165,outputExpAgricultural_Model/exp8/agricultural|DBSCAN|25|-|-|-|0.2|2|FRONT|20|400|NSGAII/results/AGRICULTURAL_NSGAII_131225_1303001672416303940859275_14_Front
12.873949579831933,86.26959172978897,outputExpAgricultural_Model/exp8/agricultural|DBSCAN|25|-|-|-|0.2|2|FRONT|20|400|NSGAII/results/AGRICULTURAL_NSGAII_131225_1303001672416303940859275_14_Front
6.722689075630258,92.81906531370586,outputExpAgricultural_Model/exp8/agricultural|DBSCAN|25|-|-|-|0.2|2|FRONT|20|400|NSGAII/results/AGRICULTURAL_NSGAII_131225_1303001672416303940859275_14_Front
28.94117647058822,78.19255871564002,outputExpAgricultural_Model/exp8/agricultural|DBSCAN|25|-|-|-|0.2|2|FRONT|20|400|NSGAII/results/AGRICULTURAL_NSGAII_131225_1303001672416303940859275_14_Front
93.68067226890756,3.791624982135216,outputExpAgricultural_Model/exp8/agricultural|DBSCAN|25|-|-|-|0.2|2|FRONT|20|400|NSGAII/results/AGRICULTURAL_NSGAII_131225_13032115112172970577927321_15_Front
50.4201680672269,58.79853270449239,outputExpAgricultural_Model/exp8/agricultural|DBSCAN|25|-|-|-|0.2|2|FRONT|20|400|NSGAII/results/AGRICULTURAL_NSGAII_131225_13032115112172970577927321_15_Front
61.27731092436976,45.12648277833355,outputExpAgricultural_Model/exp8/agricultural|DBSCAN|25|-|-|-|0.2|2|FRONT|20|400|NSGAII/results/AGRICULTURAL_NSGAII_131225_13032115112172970577927321_15_Front
52.403361344537835,55.76032585393741,outputExpAgricultural_Model/exp8/agricultural|DBSCAN|25|-|-|-|0.2|2|FRONT|20|400|NSGAII/results/AGRICULTURAL_NSGAII_131225_13032115112172970577927321_15_Front
28.94117647058822,78.19255871564002,outputExpAgricultural_Model/exp8/agricultural|DBSCAN|25|-|-|-|0.2|2|FRONT|20|400|NSGAII/results/AGRICULTURAL_NSGAII_131225_13032115112172970577927321_15_Front
64.9075630252101,41.61521604497165,outputExpAgricultural_Model/exp8/agricultural|DBSCAN|25|-|-|-|0.2|2|FRONT|20|400|NSGAII/results/AGRICULTURAL_NSGAII_131225_13032115112172970577927321_15_Front
93.68067226890756,3.791624982135216,outputExpAgricultural_Model/exp8/agricultural|DBSCAN|25|-|-|-|0.2|2|FRONT|20|400|NSGAII/results/AGRICULTURAL_NSGAII_131225_13041913394695299745961618_16_Front
75.0252100840336,38.21995140774619,outputExpAgricultural_Model/exp8/agricultural|DBSCAN|25|-|-|-|0.2|2|FRONT|20|400|NSGAII/results/AGRICULTURAL_NSGAII_131225_13041913394695299745961618_16_Front
50.4201680672269,58.79853270449239,outputExpAgricultural_Model/exp8/agricultural|DBSCAN|25|-|-|-|0.2|2|FRONT|20|400|NSGAII/results/AGRICULTURAL_NSGAII_131225_13041913394695299745961618_16_Front
54.52100840336135,54.675098851888905,outputExpAgricultural_Model/exp8/agricultural|DBSCAN|25|-|-|-|0.2|2|FRONT|20|400|NSGAII/results/AGRICULTURAL_NSGAII_131225_13041913394695299745961618_16_Front
61.27731092436976,45.12648277833355,outputExpAgricultural_Model/exp8/agricultural|DBSCAN|25|-|-|-|0.2|2|FRONT|20|400|NSGAII/results/AGRICULTURAL_NSGAII_131225_13041913394695299745961618_16_Front
64.9075630252101,41.61521604497165,outputExpAgricultural_Model/exp8/agricultural|DBSCAN|25|-|-|-|0.2|2|FRONT|20|400|NSGAII/results/AGRICULTURAL_NSGAII_131225_13041913394695299745961618_16_Front
28.94117647058822,78.19255871564002,outputExpAgricultural_Model/exp8/agricultural|DBSCAN|25|-|-|-|0.2|2|FRONT|20|400|NSGAII/results/AGRICULTURAL_NSGAII_131225_13041913394695299745961618_16_Front
93.68067226890756,3.791624982135216,outputExpAgricultural_Model/exp8/agricultural|DBSCAN|25|-|-|-|0.2|2|FRONT|20|400|NSGAII/results/AGRICULTURAL_NSGAII_131225_13050311120704379512162269_17_Front
32.94117647058823,74.21204325663379,outputExpAgricultural_Model/exp8/agricultural|DBSCAN|25|-|-|-|0.2|2|FRONT|20|400|NSGAII/results/AGRICULTURAL_NSGAII_131225_13050311120704379512162269_17_Front
75.0252100840336,38.21995140774619,outputExpAgricultural_Model/exp8/agricultural|DBSCAN|25|-|-|-|0.2|2|FRONT|20|400|NSGAII/results/AGRICULTURAL_NSGAII_131225_13050311120704379512162269_17_Front
50.4201680672269,58.79853270449239,outputExpAgricultural_Model/exp8/agricultural|DBSCAN|25|-|-|-|0.2|2|FRONT|20|400|NSGAII/results/AGRICULTURAL_NSGAII_131225_13050311120704379512162269_17_Front
54.52100840336135,54.675098851888905,outputExpAgricultural_Model/exp8/agricultural|DBSCAN|25|-|-|-|0.2|2|FRONT|20|400|NSGAII/results/AGRICULTURAL_NSGAII_131225_13050311120704379512162269_17_Front
64.9075630252101,41.61521604497165,outputExpAgricultural_Model/exp8/agricultural|DBSCAN|25|-|-|-|0.2|2|FRONT|20|400|NSGAII/results/AGRICULTURAL_NSGAII_131225_13050311120704379512162269_17_Front
28.94117647058822,78.19255871564002,outputExpAgricultural_Model/exp8/agricultural|DBSCAN|25|-|-|-|0.2|2|FRONT|20|400|NSGAII/results/AGRICULTURAL_NSGAII_131225_13050311120704379512162269_17_Front
61.27731092436976,45.12648277833355,outputExpAgricultural_Model/exp8/agricultural|DBSCAN|25|-|-|-|0.2|2|FRONT|20|400|NSGAII/results/AGRICULTURAL_NSGAII_131225_13050311120704379512162269_17_Front
93.68067226890756,3.791624982135216,outputExpAgricultural_Model/exp8/agricultural|DBSCAN|25|-|-|-|0.2|2|FRONT|20|400|NSGAII/results/AGRICULTURAL_NSGAII_131225_1305514458590894761126713_18_Front
84.03361344537815,17.49892811204799,outputExpAgricultural_Model/exp8/agricultural|DBSCAN|25|-|-|-|0.2|2|FRONT|20|400|NSGAII/results/AGRICULTURAL_NSGAII_131225_1305514458590894761126713_18_Front
32.94117647058823,74.21204325663379,outputExpAgricultural_Model/exp8/agricultural|DBSCAN|25|-|-|-|0.2|2|FRONT|20|400|NSGAII/results/AGRICULTURAL_NSGAII_131225_1305514458590894761126713_18_Front
75.0252100840336,38.21995140774619,outputExpAgricultural_Model/exp8/agricultural|DBSCAN|25|-|-|-|0.2|2|FRONT|20|400|NSGAII/results/AGRICULTURAL_NSGAII_131225_1305514458590894761126713_18_Front
50.4201680672269,58.79853270449239,outputExpAgricultural_Model/exp8/agricultural|DBSCAN|25|-|-|-|0.2|2|FRONT|20|400|NSGAII/results/AGRICULTURAL_NSGAII_131225_1305514458590894761126713_18_Front
54.52100840336135,54.675098851888905,outputExpAgricultural_Model/exp8/agricultural|DBSCAN|25|-|-|-|0.2|2|FRONT|20|400|NSGAII/results/AGRICULTURAL_NSGAII_131225_1305514458590894761126713_18_Front
17.075630252100826,82.18474584345674,outputExpAgricultural_Model/exp8/agricultural|DBSCAN|25|-|-|-|0.2|2|FRONT|20|400|NSGAII/results/AGRICULTURAL_NSGAII_131225_1305514458590894761126713_18_Front
28.94117647058822,78.19255871564002,outputExpAgricultural_Model/exp8/agricultural|DBSCAN|25|-|-|-|0.2|2|FRONT|20|400|NSGAII/results/AGRICULTURAL_NSGAII_131225_1305514458590894761126713_18_Front
61.27731092436976,45.12648277833355,outputExpAgricultural_Model/exp8/agricultural|DBSCAN|25|-|-|-|0.2|2|FRONT|20|400|NSGAII/results/AGRICULTURAL_NSGAII_131225_1305514458590894761126713_18_Front
64.9075630252101,41.61521604497165,outputExpAgricultural_Model/exp8/agricultural|DBSCAN|25|-|-|-|0.2|2|FRONT|20|400|NSGAII/results/AGRICULTURAL_NSGAII_131225_1305514458590894761126713_18_Front
93.68067226890756,3.791624982135216,outputExpAgricultural_Model/exp8/agricultural|DBSCAN|25|-|-|-|0.2|2|FRONT|20|400|NSGAII/results/AGRICULTURAL_NSGAII_131225_1306439941445551845320408_19_Front
84.03361344537815,17.49892811204799,outputExpAgricultural_Model/exp8/agricultural|DBSCAN|25|-|-|-|0.2|2|FRONT|20|400|NSGAII/results/AGRICULTURAL_NSGAII_131225_1306439941445551845320408_19_Front
32.94117647058823,74.21204325663379,outputExpAgricultural_Model/exp8/agricultural|DBSCAN|25|-|-|-|0.2|2|FRONT|20|400|NSGAII/results/AGRICULTURAL_NSGAII_131225_1306439941445551845320408_19_Front
75.0252100840336,38.21995140774619,outputExpAgricultural_Model/exp8/agricultural|DBSCAN|25|-|-|-|0.2|2|FRONT|20|400|NSGAII/results/AGRICULTURAL_NSGAII_131225_1306439941445551845320408_19_Front
17.075630252100826,82.18474584345674,outputExpAgricultural_Model/exp8/agricultural|DBSCAN|25|-|-|-|0.2|2|FRONT|20|400|NSGAII/results/AGRICULTURAL_NSGAII_131225_1306439941445551845320408_19_Front
50.4201680672269,58.79853270449239,outputExpAgricultural_Model/exp8/agricultural|DBSCAN|25|-|-|-|0.2|2|FRONT|20|400|NSGAII/results/AGRICULTURAL_NSGAII_131225_1306439941445551845320408_19_Front
61.27731092436976,45.12648277833355,outputExpAgricultural_Model/exp8/agricultural|DBSCAN|25|-|-|-|0.2|2|FRONT|20|400|NSGAII/results/AGRICULTURAL_NSGAII_131225_1306439941445551845320408_19_Front
12.773109243697492,86.31723119432135,outputExpAgricultural_Model/exp8/agricultural|DBSCAN|25|-|-|-|0.2|2|FRONT|20|400|NSGAII/results/AGRICULTURAL_NSGAII_131225_1306439941445551845320408_19_Front
28.94117647058822,78.19255871564002,outputExpAgricultural_Model/exp8/agricultural|DBSCAN|25|-|-|-|0.2|2|FRONT|20|400|NSGAII/results/AGRICULTURAL_NSGAII_131225_1306439941445551845320408_19_Front
54.52100840336135,54.675098851888905,outputExpAgricultural_Model/exp8/agricultural|DBSCAN|25|-|-|-|0.2|2|FRONT|20|400|NSGAII/results/AGRICULTURAL_NSGAII_131225_1306439941445551845320408_19_Front
64.9075630252101,41.61521604497165,outputExpAgricultural_Model/exp8/agricultural|DBSCAN|25|-|-|-|0.2|2|FRONT|20|400|NSGAII/results/AGRICULTURAL_NSGAII_131225_1306439941445551845320408_19_Front
93.68067226890756,3.791624982135216,outputExpAgricultural_Model/exp8/agricultural|DBSCAN|25|-|-|-|0.2|2|FRONT|20|400|NSGAII/results/AGRICULTURAL_NSGAII_131225_13072012720504871990083920_20_Front
75.0252100840336,38.21995140774619,outputExpAgricultural_Model/exp8/agricultural|DBSCAN|25|-|-|-|0.2|2|FRONT|20|400|NSGAII/results/AGRICULTURAL_NSGAII_131225_13072012720504871990083920_20_Front
84.03361344537815,17.49892811204799,outputExpAgricultural_Model/exp8/agricultural|DBSCAN|25|-|-|-|0.2|2|FRONT|20|400|NSGAII/results/AGRICULTURAL_NSGAII_131225_13072012720504871990083920_20_Front
50.4201680672269,58.79853270449239,outputExpAgricultural_Model/exp8/agricultural|DBSCAN|25|-|-|-|0.2|2|FRONT|20|400|NSGAII/results/AGRICULTURAL_NSGAII_131225_13072012720504871990083920_20_Front
32.94117647058823,74.21204325663379,outputExpAgricultural_Model/exp8/agricultural|DBSCAN|25|-|-|-|0.2|2|FRONT|20|400|NSGAII/results/AGRICULTURAL_NSGAII_131225_13072012720504871990083920_20_Front
61.27731092436976,45.12648277833355,outputExpAgricultural_Model/exp8/agricultural|DBSCAN|25|-|-|-|0.2|2|FRONT|20|400|NSGAII/results/AGRICULTURAL_NSGAII_131225_13072012720504871990083920_20_Front
93.61344537815125,3.826878185889157,outputExpAgricultural_Model/exp8/agricultural|DBSCAN|25|-|-|-|0.2|2|FRONT|20|400|NSGAII/results/AGRICULTURAL_NSGAII_131225_13072012720504871990083920_20_Front
4.840336134453771,95.24415225572864,outputExpAgricultural_Model/exp8/agricultural|DBSCAN|25|-|-|-|0.2|2|FRONT|20|400|NSGAII/results/AGRICULTURAL_NSGAII_131225_13072012720504871990083920_20_Front
12.773109243697492,86.31723119432135,outputExpAgricultural_Model/exp8/agricultural|DBSCAN|25|-|-|-|0.2|2|FRONT|20|400|NSGAII/results/AGRICULTURAL_NSGAII_131225_13072012720504871990083920_20_Front
64.9075630252101,41.61521604497165,outputExpAgricultural_Model/exp8/agricultural|DBSCAN|25|-|-|-|0.2|2|FRONT|20|400|NSGAII/results/AGRICULTURAL_NSGAII_131225_13072012720504871990083920_20_Front
17.075630252100826,82.18474584345674,outputExpAgricultural_Model/exp8/agricultural|DBSCAN|25|-|-|-|0.2|2|FRONT|20|400|NSGAII/results/AGRICULTURAL_NSGAII_131225_13072012720504871990083920_20_Front
28.94117647058822,78.19255871564002,outputExpAgricultural_Model/exp8/agricultural|DBSCAN|25|-|-|-|0.2|2|FRONT|20|400|NSGAII/results/AGRICULTURAL_NSGAII_131225_13072012720504871990083920_20_Front
30.75630252100841,76.11928921918918,outputExpAgricultural_Model/exp8/agricultural|Random|100|-|-|-|-|-|FRONT|20|400|NSGAII/results/AGRICULTURAL_NSGAII_131225_13184011692454719162314154_1_Front
18.42016806722688,81.22647801438708,outputExpAgricultural_Model/exp8/agricultural|Random|100|-|-|-|-|-|FRONT|20|400|NSGAII/results/AGRICULTURAL_NSGAII_131225_13184011692454719162314154_1_Front
79.96638655462185,33.01176694773946,outputExpAgricultural_Model/exp8/agricultural|Random|100|-|-|-|-|-|FRONT|20|400|NSGAII/results/AGRICULTURAL_NSGAII_131225_13184011692454719162314154_1_Front
65.51260504201679,41.31222905054543,outputExpAgricultural_Model/exp8/agricultural|Random|100|-|-|-|-|-|FRONT|20|400|NSGAII/results/AGRICULTURAL_NSGAII_131225_13184011692454719162314154_1_Front
30.75630252100841,76.11928921918918,outputExpAgricultural_Model/exp8/agricultural|Random|100|-|-|-|-|-|FRONT|20|400|NSGAII/results/AGRICULTURAL_NSGAII_131225_1319333175403904324806757_2_Front
13.512605042016812,85.69910914201321,outputExpAgricultural_Model/exp8/agricultural|Random|100|-|-|-|-|-|FRONT|20|400|NSGAII/results/AGRICULTURAL_NSGAII_131225_1319333175403904324806757_2_Front
79.9327731092437,33.02153303796866,outputExpAgricultural_Model/exp8/agricultural|Random|100|-|-|-|-|-|FRONT|20|400|NSGAII/results/AGRICULTURAL_NSGAII_131225_1319333175403904324806757_2_Front
18.42016806722688,81.22647801438708,outputExpAgricultural_Model/exp8/agricultural|Random|100|-|-|-|-|-|FRONT|20|400|NSGAII/results/AGRICULTURAL_NSGAII_131225_1319333175403904324806757_2_Front
79.96638655462185,33.01176694773946,outputExpAgricultural_Model/exp8/agricultural|Random|100|-|-|-|-|-|FRONT|20|400|NSGAII/results/AGRICULTURAL_NSGAII_131225_1319333175403904324806757_2_Front
65.51260504201679,41.31222905054543,outputExpAgricultural_Model/exp8/agricultural|Random|100|-|-|-|-|-|FRONT|20|400|NSGAII/results/AGRICULTURAL_NSGAII_131225_1319333175403904324806757_2_Front
30.78991596638656,76.1083321423467,outputExpAgricultural_Model/exp8/agricultural|Random|100|-|-|-|-|-|FRONT|20|400|NSGAII/results/AGRICULTURAL_NSGAII_131225_131948815126598520884353_3_Front
79.96638655462185,33.01176694773946,outputExpAgricultural_Model/exp8/agricultural|Random|100|-|-|-|-|-|FRONT|20|400|NSGAII/results/AGRICULTURAL_NSGAII_131225_131948815126598520884353_3_Front
18.42016806722688,81.22647801438708,outputExpAgricultural_Model/exp8/agricultural|Random|100|-|-|-|-|-|FRONT|20|400|NSGAII/results/AGRICULTURAL_NSGAII_131225_131948815126598520884353_3_Front
13.512605042016812,85.69910914201321,outputExpAgricultural_Model/exp8/agricultural|Random|100|-|-|-|-|-|FRONT|20|400|NSGAII/results/AGRICULTURAL_NSGAII_131225_131948815126598520884353_3_Front
14.689075630252088,84.19632223333807,outputExpAgricultural_Model/exp8/agricultural|Random|100|-|-|-|-|-|FRONT|20|400|NSGAII/results/AGRICULTURAL_NSGAII_131225_131948815126598520884353_3_Front
79.0252100840336,34.51098089657469,outputExpAgricultural_Model/exp8/agricultural|Random|100|-|-|-|-|-|FRONT|20|400|NSGAII/results/AGRICULTURAL_NSGAII_131225_13202415202088488591346726_4_Front
79.96638655462185,33.01176694773946,outputExpAgricultural_Model/exp8/agricultural|Random|100|-|-|-|-|-|FRONT|20|400|NSGAII/results/AGRICULTURAL_NSGAII_131225_13202415202088488591346726_4_Front
61.3109243697479,45.11957505597633,outputExpAgricultural_Model/exp8/agricultural|Random|100|-|-|-|-|-|FRONT|20|400|NSGAII/results/AGRICULTURAL_NSGAII_131225_13202415202088488591346726_4_Front
18.42016806722688,81.22647801438708,outputExpAgricultural_Model/exp8/agricultural|Random|100|-|-|-|-|-|FRONT|20|400|NSGAII/results/AGRICULTURAL_NSGAII_131225_13202415202088488591346726_4_Front
13.512605042016812,85.69910914201321,outputExpAgricultural_Model/exp8/agricultural|Random|100|-|-|-|-|-|FRONT|20|400|NSGAII/results/AGRICULTURAL_NSGAII_131225_13202415202088488591346726_4_Front
79.0252100840336,34.51098089657469,outputExpAgricultural_Model/exp8/agricultural|Random|100|-|-|-|-|-|FRONT|20|400|NSGAII/results/AGRICULTURAL_NSGAII_131225_1320487551227995571100603_5_Front
61.3109243697479,45.11957505597633,outputExpAgricultural_Model/exp8/agricultural|Random|100|-|-|-|-|-|FRONT|20|400|NSGAII/results/AGRICULTURAL_NSGAII_131225_1320487551227995571100603_5_Front
8.134453781512606,91.86151207660428,outputExpAgricultural_Model/exp8/agricultural|Random|100|-|-|-|-|-|FRONT|20|400|NSGAII/results/AGRICULTURAL_NSGAII_131225_1320487551227995571100603_5_Front
18.42016806722688,81.22647801438708,outputExpAgricultural_Model/exp8/agricultural|Random|100|-|-|-|-|-|FRONT|20|400|NSGAII/results/AGRICULTURAL_NSGAII_131225_1320487551227995571100603_5_Front
79.96638655462185,33.01176694773946,outputExpAgricultural_Model/exp8/agricultural|Random|100|-|-|-|-|-|FRONT|20|400|NSGAII/results/AGRICULTURAL_NSGAII_131225_1320487551227995571100603_5_Front
12.80672268907564,86.30984707731886,outputExpAgricultural_Model/exp8/agricultural|Random|100|-|-|-|-|-|FRONT|20|400|NSGAII/results/AGRICULTURAL_NSGAII_131225_13212415203910093051357550_6_Front
75.66386554621847,37.88861893192318,outputExpAgricultural_Model/exp8/agricultural|Random|100|-|-|-|-|-|FRONT|20|400|NSGAII/results/AGRICULTURAL_NSGAII_131225_13212415203910093051357550_6_Front
79.96638655462185,33.01176694773946,outputExpAgricultural_Model/exp8/agricultural|Random|100|-|-|-|-|-|FRONT|20|400|NSGAII/results/AGRICULTURAL_NSGAII_131225_13212415203910093051357550_6_Front
18.453781512605026,81.21599733219,outputExpAgricultural_Model/exp8/agricultural|Random|100|-|-|-|-|-|FRONT|20|400|NSGAII/results/AGRICULTURAL_NSGAII_131225_13212415203910093051357550_6_Front
8.134453781512606,91.86151207660428,outputExpAgricultural_Model/exp8/agricultural|Random|100|-|-|-|-|-|FRONT|20|400|NSGAII/results/AGRICULTURAL_NSGAII_131225_13212415203910093051357550_6_Front
52.36974789915968,55.764851603068,outputExpAgricultural_Model/exp8/agricultural|Random|100|-|-|-|-|-|FRONT|20|400|NSGAII/results/AGRICULTURAL_NSGAII_131225_13212415203910093051357550_6_Front
58.38655462184873,50.08789481206228,outputExpAgricultural_Model/exp8/agricultural|Random|100|-|-|-|-|-|FRONT|20|400|NSGAII/results/AGRICULTURAL_NSGAII_131225_13212415203910093051357550_6_Front
8.134453781512606,91.86151207660428,outputExpAgricultural_Model/exp8/agricultural|Random|100|-|-|-|-|-|FRONT|20|400|NSGAII/results/AGRICULTURAL_NSGAII_131225_13214814597254710566846709_7_Front
58.38655462184873,50.08789481206228,outputExpAgricultural_Model/exp8/agricultural|Random|100|-|-|-|-|-|FRONT|20|400|NSGAII/results/AGRICULTURAL_NSGAII_131225_13214814597254710566846709_7_Front
75.66386554621847,37.88861893192318,outputExpAgricultural_Model/exp8/agricultural|Random|100|-|-|-|-|-|FRONT|20|400|NSGAII/results/AGRICULTURAL_NSGAII_131225_13214814597254710566846709_7_Front
12.80672268907564,86.30984707731886,outputExpAgricultural_Model/exp8/agricultural|Random|100|-|-|-|-|-|FRONT|20|400|NSGAII/results/AGRICULTURAL_NSGAII_131225_13214814597254710566846709_7_Front
18.453781512605026,81.21599733219,outputExpAgricultural_Model/exp8/agricultural|Random|100|-|-|-|-|-|FRONT|20|400|NSGAII/results/AGRICULTURAL_NSGAII_131225_13214814597254710566846709_7_Front
8.134453781512606,91.86151207660428,outputExpAgricultural_Model/exp8/agricultural|Random|100|-|-|-|-|-|FRONT|20|400|NSGAII/results/AGRICULTURAL_NSGAII_131225_1322085001842907220527196_8_Front
58.38655462184873,50.08789481206228,outputExpAgricultural_Model/exp8/agricultural|Random|100|-|-|-|-|-|FRONT|20|400|NSGAII/results/AGRICULTURAL_NSGAII_131225_1322085001842907220527196_8_Front
12.80672268907564,86.30984707731886,outputExpAgricultural_Model/exp8/agricultural|Random|100|-|-|-|-|-|FRONT|20|400|NSGAII/results/AGRICULTURAL_NSGAII_131225_1322085001842907220527196_8_Front
56.73949579831932,51.94607212614929,outputExpAgricultural_Model/exp8/agricultural|Random|100|-|-|-|-|-|FRONT|20|400|NSGAII/results/AGRICULTURAL_NSGAII_131225_1322085001842907220527196_8_Front
0.40336134453780803,99.37925777714256,outputExpAgricultural_Model/exp8/agricultural|Random|100|-|-|-|-|-|FRONT|20|400|NSGAII/results/AGRICULTURAL_NSGAII_131225_1322085001842907220527196_8_Front
18.453781512605026,81.21599733219,outputExpAgricultural_Model/exp8/agricultural|Random|100|-|-|-|-|-|FRONT|20|400|NSGAII/results/AGRICULTURAL_NSGAII_131225_1322085001842907220527196_8_Front
80.57142857142858,32.6832928397885,outputExpAgricultural_Model/exp8/agricultural|Random|100|-|-|-|-|-|FRONT|20|400|NSGAII/results/AGRICULTURAL_NSGAII_131225_1322336074365690149747551_9_Front
56.73949579831932,51.94607212614929,outputExpAgricultural_Model/exp8/agricultural|Random|100|-|-|-|-|-|FRONT|20|400|NSGAII/results/AGRICULTURAL_NSGAII_131225_1322336074365690149747551_9_Front
8.134453781512606,91.86151207660428,outputExpAgricultural_Model/exp8/agricultural|Random|100|-|-|-|-|-|FRONT|20|400|NSGAII/results/AGRICULTURAL_NSGAII_131225_1322336074365690149747551_9_Front
18.453781512605026,81.21599733219,outputExpAgricultural_Model/exp8/agricultural|Random|100|-|-|-|-|-|FRONT|20|400|NSGAII/results/AGRICULTURAL_NSGAII_131225_1322336074365690149747551_9_Front
58.38655462184873,50.08789481206228,outputExpAgricultural_Model/exp8/agricultural|Random|100|-|-|-|-|-|FRONT|20|400|NSGAII/results/AGRICULTURAL_NSGAII_131225_1322336074365690149747551_9_Front
12.80672268907564,86.30984707731886,outputExpAgricultural_Model/exp8/agricultural|Random|100|-|-|-|-|-|FRONT|20|400|NSGAII/results/AGRICULTURAL_NSGAII_131225_1322336074365690149747551_9_Front
80.57142857142858,32.6832928397885,outputExpAgricultural_Model/exp8/agricultural|Random|100|-|-|-|-|-|FRONT|20|400|NSGAII/results/AGRICULTURAL_NSGAII_131225_13225417690849408447175927_10_Front
18.453781512605026,81.21599733219,outputExpAgricultural_Model/exp8/agricultural|Random|100|-|-|-|-|-|FRONT|20|400|NSGAII/results/AGRICULTURAL_NSGAII_131225_13225417690849408447175927_10_Front
56.73949579831932,51.94607212614929,outputExpAgricultural_Model/exp8/agricultural|Random|100|-|-|-|-|-|FRONT|20|400|NSGAII/results/AGRICULTURAL_NSGAII_131225_13225417690849408447175927_10_Front
8.134453781512606,91.86151207660428,outputExpAgricultural_Model/exp8/agricultural|Random|100|-|-|-|-|-|FRONT|20|400|NSGAII/results/AGRICULTURAL_NSGAII_131225_13225417690849408447175927_10_Front
58.38655462184873,50.08789481206228,outputExpAgricultural_Model/exp8/agricultural|Random|100|-|-|-|-|-|FRONT|20|400|NSGAII/results/AGRICULTURAL_NSGAII_131225_13225417690849408447175927_10_Front
8.134453781512606,91.86151207660428,outputExpAgricultural_Model/exp8/agricultural|Random|100|-|-|-|-|-|FRONT|20|400|NSGAII/results/AGRICULTURAL_NSGAII_131225_132350655138927251302148_11_Front
80.57142857142858,32.6832928397885,outputExpAgricultural_Model/exp8/agricultural|Random|100|-|-|-|-|-|FRONT|20|400|NSGAII/results/AGRICULTURAL_NSGAII_131225_132350655138927251302148_11_Front
18.453781512605026,81.21599733219,outputExpAgricultural_Model/exp8/agricultural|Random|100|-|-|-|-|-|FRONT|20|400|NSGAII/results/AGRICULTURAL_NSGAII_131225_132350655138927251302148_11_Front
80.57142857142858,32.6832928397885,outputExpAgricultural_Model/exp8/agricultural|Random|100|-|-|-|-|-|FRONT|20|400|NSGAII/results/AGRICULTURAL_NSGAII_131225_13243110298847659257503623_12_Front
8.134453781512606,91.86151207660428,outputExpAgricultural_Model/exp8/agricultural|Random|100|-|-|-|-|-|FRONT|20|400|NSGAII/results/AGRICULTURAL_NSGAII_131225_13243110298847659257503623_12_Front
18.453781512605026,81.21599733219,outputExpAgricultural_Model/exp8/agricultural|Random|100|-|-|-|-|-|FRONT|20|400|NSGAII/results/AGRICULTURAL_NSGAII_131225_13243110298847659257503623_12_Front
80.57142857142858,32.6832928397885,outputExpAgricultural_Model/exp8/agricultural|Random|100|-|-|-|-|-|FRONT|20|400|NSGAII/results/AGRICULTURAL_NSGAII_131225_1324575891823079156807377_13_Front
8.134453781512606,91.86151207660428,outputExpAgricultural_Model/exp8/agricultural|Random|100|-|-|-|-|-|FRONT|20|400|NSGAII/results/AGRICULTURAL_NSGAII_131225_1324575891823079156807377_13_Front
18.453781512605026,81.21599733219,outputExpAgricultural_Model/exp8/agricultural|Random|100|-|-|-|-|-|FRONT|20|400|NSGAII/results/AGRICULTURAL_NSGAII_131225_1324575891823079156807377_13_Front
2.0168067226890773,97.86718117288363,outputExpAgricultural_Model/exp8/agricultural|Random|100|-|-|-|-|-|FRONT|20|400|NSGAII/results/AGRICULTURAL_NSGAII_131225_1324575891823079156807377_13_Front
58.38655462184873,50.08789481206228,outputExpAgricultural_Model/exp8/agricultural|Random|100|-|-|-|-|-|FRONT|20|400|NSGAII/results/AGRICULTURAL_NSGAII_131225_1324575891823079156807377_13_Front
18.453781512605026,81.21599733219,outputExpAgricultural_Model/exp8/agricultural|Random|100|-|-|-|-|-|FRONT|20|400|NSGAII/results/AGRICULTURAL_NSGAII_131225_1325333460911371868473770_14_Front
80.57142857142858,32.6832928397885,outputExpAgricultural_Model/exp8/agricultural|Random|100|-|-|-|-|-|FRONT|20|400|NSGAII/results/AGRICULTURAL_NSGAII_131225_1325333460911371868473770_14_Front
14.689075630252088,84.19632223333807,outputExpAgricultural_Model/exp8/agricultural|Random|100|-|-|-|-|-|FRONT|20|400|NSGAII/results/AGRICULTURAL_NSGAII_131225_1325333460911371868473770_14_Front
58.38655462184873,50.08789481206228,outputExpAgricultural_Model/exp8/agricultural|Random|100|-|-|-|-|-|FRONT|20|400|NSGAII/results/AGRICULTURAL_NSGAII_131225_1325333460911371868473770_14_Front
8.134453781512606,91.86151207660428,outputExpAgricultural_Model/exp8/agricultural|Random|100|-|-|-|-|-|FRONT|20|400|NSGAII/results/AGRICULTURAL_NSGAII_131225_1325333460911371868473770_14_Front
65.54621848739495,41.30127197370302,outputExpAgricultural_Model/exp8/agricultural|Random|100|-|-|-|-|-|FRONT|20|400|NSGAII/results/AGRICULTURAL_NSGAII_131225_1325333460911371868473770_14_Front
18.453781512605026,81.21599733219,outputExpAgricultural_Model/exp8/agricultural|Random|100|-|-|-|-|-|FRONT|20|400|NSGAII/results/AGRICULTURAL_NSGAII_131225_1325534351624955250771838_15_Front
80.57142857142858,32.6832928397885,outputExpAgricultural_Model/exp8/agricultural|Random|100|-|-|-|-|-|FRONT|20|400|NSGAII/results/AGRICULTURAL_NSGAII_131225_1325534351624955250771838_15_Front
65.54621848739495,41.30127197370302,outputExpAgricultural_Model/exp8/agricultural|Random|100|-|-|-|-|-|FRONT|20|400|NSGAII/results/AGRICULTURAL_NSGAII_131225_1325534351624955250771838_15_Front
76.57142857142858,36.38440283931209,outputExpAgricultural_Model/exp8/agricultural|Random|100|-|-|-|-|-|FRONT|20|400|NSGAII/results/AGRICULTURAL_NSGAII_131225_1325534351624955250771838_15_Front
34.31932773109243,73.24353294268973,outputExpAgricultural_Model/exp8/agricultural|Random|100|-|-|-|-|-|FRONT|20|400|NSGAII/results/AGRICULTURAL_NSGAII_131225_13263015164252662640607322_16_Front
29.680672268907582,77.80191510647421,outputExpAgricultural_Model/exp8/agricultural|Random|100|-|-|-|-|-|FRONT|20|400|NSGAII/results/AGRICULTURAL_NSGAII_131225_13263015164252662640607322_16_Front
65.54621848739495,41.30127197370302,outputExpAgricultural_Model/exp8/agricultural|Random|100|-|-|-|-|-|FRONT|20|400|NSGAII/results/AGRICULTURAL_NSGAII_131225_13263015164252662640607322_16_Front
80.57142857142858,32.6832928397885,outputExpAgricultural_Model/exp8/agricultural|Random|100|-|-|-|-|-|FRONT|20|400|NSGAII/results/AGRICULTURAL_NSGAII_131225_13263015164252662640607322_16_Front
18.453781512605026,81.21599733219,outputExpAgricultural_Model/exp8/agricultural|Random|100|-|-|-|-|-|FRONT|20|400|NSGAII/results/AGRICULTURAL_NSGAII_131225_13263015164252662640607322_16_Front
97.88235294117648,0.0,outputExpAgricultural_Model/exp8/agricultural|Random|100|-|-|-|-|-|FRONT|20|400|NSGAII/results/AGRICULTURAL_NSGAII_131225_1327036424530333281159309_17_Front
80.57142857142858,32.6832928397885,outputExpAgricultural_Model/exp8/agricultural|Random|100|-|-|-|-|-|FRONT|20|400|NSGAII/results/AGRICULTURAL_NSGAII_131225_1327036424530333281159309_17_Front
34.31932773109243,73.24353294268973,outputExpAgricultural_Model/exp8/agricultural|Random|100|-|-|-|-|-|FRONT|20|400|NSGAII/results/AGRICULTURAL_NSGAII_131225_1327036424530333281159309_17_Front
18.453781512605026,81.21599733219,outputExpAgricultural_Model/exp8/agricultural|Random|100|-|-|-|-|-|FRONT|20|400|NSGAII/results/AGRICULTURAL_NSGAII_131225_1327036424530333281159309_17_Front
29.680672268907582,77.80191510647421,outputExpAgricultural_Model/exp8/agricultural|Random|100|-|-|-|-|-|FRONT|20|400|NSGAII/results/AGRICULTURAL_NSGAII_131225_1327036424530333281159309_17_Front
97.88235294117648,0.0,outputExpAgricultural_Model/exp8/agricultural|Random|100|-|-|-|-|-|FRONT|20|400|NSGAII/results/AGRICULTURAL_NSGAII_131225_13281311397966330213066362_18_Front
18.453781512605026,81.21599733219,outputExpAgricultural_Model/exp8/agricultural|Random|100|-|-|-|-|-|FRONT|20|400|NSGAII/results/AGRICULTURAL_NSGAII_131225_13281311397966330213066362_18_Front
34.31932773109243,73.24353294268973,outputExpAgricultural_Model/exp8/agricultural|Random|100|-|-|-|-|-|FRONT|20|400|NSGAII/results/AGRICULTURAL_NSGAII_131225_13281311397966330213066362_18_Front
80.57142857142858,32.6832928397885,outputExpAgricultural_Model/exp8/agricultural|Random|100|-|-|-|-|-|FRONT|20|400|NSGAII/results/AGRICULTURAL_NSGAII_131225_13281311397966330213066362_18_Front
29.680672268907582,77.80191510647421,outputExpAgricultural_Model/exp8/agricultural|Random|100|-|-|-|-|-|FRONT|20|400|NSGAII/results/AGRICULTURAL_NSGAII_131225_13281311397966330213066362_18_Front
30.352941176470605,77.20975656233622,outputExpAgricultural_Model/exp8/agricultural|Random|100|-|-|-|-|-|FRONT|20|400|NSGAII/results/AGRICULTURAL_NSGAII_131225_13281311397966330213066362_18_Front
97.88235294117648,0.0,outputExpAgricultural_Model/exp8/agricultural|Random|100|-|-|-|-|-|FRONT|20|400|NSGAII/results/AGRICULTURAL_NSGAII_131225_13283318201794992302475627_19_Front
12.80672268907564,86.30984707731886,outputExpAgricultural_Model/exp8/agricultural|Random|100|-|-|-|-|-|FRONT|20|400|NSGAII/results/AGRICULTURAL_NSGAII_131225_13283318201794992302475627_19_Front
34.31932773109243,73.24353294268973,outputExpAgricultural_Model/exp8/agricultural|Random|100|-|-|-|-|-|FRONT|20|400|NSGAII/results/AGRICULTURAL_NSGAII_131225_13283318201794992302475627_19_Front
67.12605042016807,39.44261826497068,outputExpAgricultural_Model/exp8/agricultural|Random|100|-|-|-|-|-|FRONT|20|400|NSGAII/results/AGRICULTURAL_NSGAII_131225_13283318201794992302475627_19_Front
80.57142857142858,32.6832928397885,outputExpAgricultural_Model/exp8/agricultural|Random|100|-|-|-|-|-|FRONT|20|400|NSGAII/results/AGRICULTURAL_NSGAII_131225_13283318201794992302475627_19_Front
18.453781512605026,81.21599733219,outputExpAgricultural_Model/exp8/agricultural|Random|100|-|-|-|-|-|FRONT|20|400|NSGAII/results/AGRICULTURAL_NSGAII_131225_13283318201794992302475627_19_Front
28.974789915966404,78.18493640131486,outputExpAgricultural_Model/exp8/agricultural|Random|100|-|-|-|-|-|FRONT|20|400|NSGAII/results/AGRICULTURAL_NSGAII_131225_13283318201794992302475627_19_Front
55.79831932773111,53.469820399218705,outputExpAgricultural_Model/exp8/agricultural|Random|100|-|-|-|-|-|FRONT|20|400|NSGAII/results/AGRICULTURAL_NSGAII_131225_13283318201794992302475627_19_Front
97.88235294117648,0.0,outputExpAgricultural_Model/exp8/agricultural|Random|100|-|-|-|-|-|FRONT|20|400|NSGAII/results/AGRICULTURAL_NSGAII_131225_13291012326540693391235734_20_Front
80.57142857142858,32.6832928397885,outputExpAgricultural_Model/exp8/agricultural|Random|100|-|-|-|-|-|FRONT|20|400|NSGAII/results/AGRICULTURAL_NSGAII_131225_13291012326540693391235734_20_Front
67.12605042016807,39.44261826497068,outputExpAgricultural_Model/exp8/agricultural|Random|100|-|-|-|-|-|FRONT|20|400|NSGAII/results/AGRICULTURAL_NSGAII_131225_13291012326540693391235734_20_Front
55.79831932773111,53.469820399218705,outputExpAgricultural_Model/exp8/agricultural|Random|100|-|-|-|-|-|FRONT|20|400|NSGAII/results/AGRICULTURAL_NSGAII_131225_13291012326540693391235734_20_Front
34.35294117647057,73.23352865513793,outputExpAgricultural_Model/exp8/agricultural|Random|100|-|-|-|-|-|FRONT|20|400|NSGAII/results/AGRICULTURAL_NSGAII_131225_13291012326540693391235734_20_Front
18.453781512605026,81.21599733219,outputExpAgricultural_Model/exp8/agricultural|Random|100|-|-|-|-|-|FRONT|20|400|NSGAII/results/AGRICULTURAL_NSGAII_131225_13291012326540693391235734_20_Front
12.80672268907564,86.30984707731886,outputExpAgricultural_Model/exp8/agricultural|Random|100|-|-|-|-|-|FRONT|20|400|NSGAII/results/AGRICULTURAL_NSGAII_131225_13291012326540693391235734_20_Front
75.05882352941178,38.213281882711634,outputExpAgricultural_Model/exp8/agricultural|Random|100|-|-|-|-|-|FRONT|20|400|NSGAII/results/AGRICULTURAL_NSGAII_131225_13291012326540693391235734_20_Front
